dataset_id,case_id,delta_dice
Task001_BrainTumour,BRATS_001,-0.000188410231932
Task001_BrainTumour,BRATS_002,-0.000446961374165
Task001_BrainTumour,BRATS_003,-0.0006185530019727
Task001_BrainTumour,BRATS_004,-0.0002971243490977
Task001_BrainTumour,BRATS_005,-0.0002978428948008
Task001_BrainTumour,BRATS_006,-0.0004228972356022
Task001_BrainTumour,BRATS_007,-0.0003592515490625
Task001_BrainTumour,BRATS_008,-0.0003514307650549
Task001_BrainTumour,BRATS_009,-0.0007992683818673
Task001_BrainTumour,BRATS_010,-0.0004553518049102
Task001_BrainTumour,BRATS_011,-0.0006649518099288
Task001_BrainTumour,BRATS_012,0.0360225926078578
Task001_BrainTumour,BRATS_013,-0.0006166385900595
Task001_BrainTumour,BRATS_014,-0.0003224124227965
Task001_BrainTumour,BRATS_015,-0.0005082314015348
Task001_BrainTumour,BRATS_016,-0.000237064260564
Task001_BrainTumour,BRATS_017,-0.0001462073611693
Task001_BrainTumour,BRATS_018,-0.0004422303731856
Task001_BrainTumour,BRATS_019,-0.000853683543645
Task001_BrainTumour,BRATS_020,-0.0005180895545413
Task001_BrainTumour,BRATS_021,-0.0020953439145899
Task001_BrainTumour,BRATS_022,0.0026165817053709
Task001_BrainTumour,BRATS_023,-0.0069295335327587
Task001_BrainTumour,BRATS_024,-0.003658501222444
Task001_BrainTumour,BRATS_025,-0.002543406986274
Task001_BrainTumour,BRATS_026,-0.0007188388603549
Task001_BrainTumour,BRATS_027,0.0002429066586948
Task001_BrainTumour,BRATS_028,0.0003328910349174
Task001_BrainTumour,BRATS_029,0.0327221446885278
Task001_BrainTumour,BRATS_030,-0.0004399140269989
Task001_BrainTumour,BRATS_031,0.0007423187627387
Task001_BrainTumour,BRATS_032,0.0061116137940141
Task001_BrainTumour,BRATS_033,-0.0003475921822284
Task001_BrainTumour,BRATS_034,0.0040450749399199
Task001_BrainTumour,BRATS_035,5.79538935906454e-05
Task001_BrainTumour,BRATS_036,-0.0003647513479896
Task001_BrainTumour,BRATS_037,-0.0004057463579137
Task001_BrainTumour,BRATS_038,-0.0005521538464384
Task001_BrainTumour,BRATS_039,-0.0014765930403907
Task001_BrainTumour,BRATS_040,-0.0003802312225449
Task001_BrainTumour,BRATS_041,0.000577241959654
Task001_BrainTumour,BRATS_042,0.0026583978847131
Task001_BrainTumour,BRATS_043,-0.0004098257653586
Task001_BrainTumour,BRATS_044,-0.0001075609347509
Task001_BrainTumour,BRATS_045,-0.0004271063541734
Task001_BrainTumour,BRATS_046,-0.0016945558692595
Task001_BrainTumour,BRATS_047,-0.0012286595773385
Task001_BrainTumour,BRATS_048,5.8992364906695904e-05
Task001_BrainTumour,BRATS_049,-0.0024333647673859
Task001_BrainTumour,BRATS_050,-0.0014875498761364
Task001_BrainTumour,BRATS_051,-0.0006670066445548
Task001_BrainTumour,BRATS_052,0.0076196876163269
Task001_BrainTumour,BRATS_053,-0.0001238933005865
Task001_BrainTumour,BRATS_054,0.0008254854951224
Task001_BrainTumour,BRATS_055,-0.0007784361490662
Task001_BrainTumour,BRATS_056,-0.0005998647564754
Task001_BrainTumour,BRATS_057,0.0002704075568576
Task001_BrainTumour,BRATS_058,-0.0005858933408144
Task001_BrainTumour,BRATS_059,-0.0007889339089193
Task001_BrainTumour,BRATS_060,-0.00203127196822
Task001_BrainTumour,BRATS_061,-0.0007718056227045
Task001_BrainTumour,BRATS_062,-0.000257659847261
Task001_BrainTumour,BRATS_063,0.0010457505601518
Task001_BrainTumour,BRATS_064,-0.0012499834275168
Task001_BrainTumour,BRATS_065,4.529402781505709e-05
Task001_BrainTumour,BRATS_066,0.0007373616921223
Task001_BrainTumour,BRATS_067,0.0002324847939694
Task001_BrainTumour,BRATS_068,4.777812281220317e-05
Task001_BrainTumour,BRATS_069,0.0002138564914111
Task001_BrainTumour,BRATS_070,0.0008228664116227
Task001_BrainTumour,BRATS_071,-0.0004754949428098
Task001_BrainTumour,BRATS_072,-0.0012625853239073
Task001_BrainTumour,BRATS_073,0.0074616606164412
Task001_BrainTumour,BRATS_074,0.0115421656956695
Task001_BrainTumour,BRATS_075,-0.0020664503841821
Task001_BrainTumour,BRATS_076,-0.0016104504184129
Task001_BrainTumour,BRATS_077,0.045298528415056
Task001_BrainTumour,BRATS_078,0.0012426444572771
Task001_BrainTumour,BRATS_079,-4.732359452086499e-05
Task001_BrainTumour,BRATS_080,0.0002554544151428
Task001_BrainTumour,BRATS_081,-0.0013362862182477
Task001_BrainTumour,BRATS_082,-0.0010607824880399
Task001_BrainTumour,BRATS_083,-5.424670985698654e-05
Task001_BrainTumour,BRATS_084,-0.0002353465538283
Task001_BrainTumour,BRATS_085,0.0001835439522815
Task001_BrainTumour,BRATS_086,-0.0039350009473511
Task001_BrainTumour,BRATS_087,0.0001040673267836
Task001_BrainTumour,BRATS_088,0.0004092266029692
Task001_BrainTumour,BRATS_089,8.069921683695469e-05
Task001_BrainTumour,BRATS_090,-0.0019382243185558
Task001_BrainTumour,BRATS_091,-0.0002494755695707
Task001_BrainTumour,BRATS_092,0.0054791603746575
Task001_BrainTumour,BRATS_093,-0.0004343900511933
Task001_BrainTumour,BRATS_094,0.0002461057183946
Task001_BrainTumour,BRATS_095,-0.0022316375669668
Task001_BrainTumour,BRATS_096,-0.0023260802974969
Task001_BrainTumour,BRATS_097,-0.0004969545689914
Task001_BrainTumour,BRATS_098,-0.0005465989166699
Task001_BrainTumour,BRATS_099,0.0005953929376567
Task001_BrainTumour,BRATS_100,-0.0009984210294916
Task001_BrainTumour,BRATS_101,-0.0003533312701887
Task001_BrainTumour,BRATS_102,0.0002400279022465
Task001_BrainTumour,BRATS_103,0.0008228742430098
Task001_BrainTumour,BRATS_104,0.001224665605956
Task001_BrainTumour,BRATS_105,-0.0006746637526864
Task001_BrainTumour,BRATS_106,-0.0024870210773044
Task001_BrainTumour,BRATS_107,0.0002642798127541
Task001_BrainTumour,BRATS_108,0.0018363498712226
Task001_BrainTumour,BRATS_109,-8.404485277924145e-05
Task001_BrainTumour,BRATS_110,-0.0001706479378036
Task001_BrainTumour,BRATS_111,-0.000747309647693
Task001_BrainTumour,BRATS_112,0.0003507221837908
Task001_BrainTumour,BRATS_113,-2.353198962801173e-06
Task001_BrainTumour,BRATS_114,6.13300258340832e-05
Task001_BrainTumour,BRATS_115,-0.0057546078327069
Task001_BrainTumour,BRATS_116,0.0008834799972212
Task001_BrainTumour,BRATS_117,0.0009364781990907
Task001_BrainTumour,BRATS_118,-0.0004783621484704
Task001_BrainTumour,BRATS_119,0.0046482189302684
Task001_BrainTumour,BRATS_120,-0.0006642969765472
Task001_BrainTumour,BRATS_121,-0.0003678480564588
Task001_BrainTumour,BRATS_122,-8.704966671069236e-05
Task001_BrainTumour,BRATS_123,0.0006902676127793
Task001_BrainTumour,BRATS_124,-0.0010442396382625
Task001_BrainTumour,BRATS_125,-0.001178411863433
Task001_BrainTumour,BRATS_126,-0.0001744306856874
Task001_BrainTumour,BRATS_127,-0.0004113362026482
Task001_BrainTumour,BRATS_128,0.0073031421039324
Task001_BrainTumour,BRATS_129,-0.0013758059016369
Task001_BrainTumour,BRATS_130,0.012832176958313
Task001_BrainTumour,BRATS_131,0.0010053047976077
Task001_BrainTumour,BRATS_132,0.0005084992466977
Task001_BrainTumour,BRATS_133,0.0002086899336359
Task001_BrainTumour,BRATS_134,0.0054858322787763
Task001_BrainTumour,BRATS_135,0.0018799213821387
Task001_BrainTumour,BRATS_136,0.0001307678621594
Task001_BrainTumour,BRATS_137,-7.798577340967228e-05
Task001_BrainTumour,BRATS_138,-0.005284091513771
Task001_BrainTumour,BRATS_139,-0.0005601563437329
Task001_BrainTumour,BRATS_140,0.0002861936082416
Task001_BrainTumour,BRATS_141,-0.0003271648506816
Task001_BrainTumour,BRATS_142,0.0004105370298792
Task001_BrainTumour,BRATS_143,-0.0013003592140492
Task001_BrainTumour,BRATS_144,0.0003199824781265
Task001_BrainTumour,BRATS_145,0.0002121325045094
Task001_BrainTumour,BRATS_146,0.0018866194254091
Task001_BrainTumour,BRATS_147,-0.0010124371750926
Task001_BrainTumour,BRATS_148,0.0005690845596753
Task001_BrainTumour,BRATS_149,0.0036942133591184
Task001_BrainTumour,BRATS_150,0.0023423594375409
Task001_BrainTumour,BRATS_151,0.0015635186445895
Task001_BrainTumour,BRATS_152,-9.196323765814364e-05
Task001_BrainTumour,BRATS_153,0.0014991387141184
Task001_BrainTumour,BRATS_154,-0.0013438220418442
Task001_BrainTumour,BRATS_155,-0.0017127456934236
Task001_BrainTumour,BRATS_156,0.0004162348996212
Task001_BrainTumour,BRATS_157,-3.0070284925076685e-05
Task001_BrainTumour,BRATS_158,-0.0008047756657284
Task001_BrainTumour,BRATS_159,-0.0009169949848577
Task001_BrainTumour,BRATS_160,-0.0026398247630365
Task001_BrainTumour,BRATS_161,0.0013145369947599
Task001_BrainTumour,BRATS_162,0.0002471031361872
Task001_BrainTumour,BRATS_163,-0.001047697689243
Task001_BrainTumour,BRATS_164,-6.057131757764012e-05
Task001_BrainTumour,BRATS_165,0.0001615922463114
Task001_BrainTumour,BRATS_166,-4.004286573877636e-06
Task001_BrainTumour,BRATS_167,4.787525284632999e-05
Task001_BrainTumour,BRATS_168,6.134444315297749e-05
Task001_BrainTumour,BRATS_169,0.0017498366271002
Task001_BrainTumour,BRATS_170,0.000148960466756
Task001_BrainTumour,BRATS_171,1.147627797326578e-05
Task001_BrainTumour,BRATS_172,-6.092637883137186e-05
Task001_BrainTumour,BRATS_173,0.0001358676238015
Task001_BrainTumour,BRATS_174,-0.0006867986371877
Task001_BrainTumour,BRATS_175,-0.0007184488424636
Task001_BrainTumour,BRATS_176,0.0011100461635501
Task001_BrainTumour,BRATS_177,-0.001973510466256
Task001_BrainTumour,BRATS_178,0.0021223320362045
Task001_BrainTumour,BRATS_179,0.0060481076396836
Task001_BrainTumour,BRATS_180,-0.0004599184974329
Task001_BrainTumour,BRATS_181,0.0005667569413614
Task001_BrainTumour,BRATS_182,-1.4385958869933546e-05
Task001_BrainTumour,BRATS_183,0.0030848230885678
Task001_BrainTumour,BRATS_184,0.0005440439439786
Task001_BrainTumour,BRATS_185,0.0003107947215968
Task001_BrainTumour,BRATS_186,0.0018206163142087
Task001_BrainTumour,BRATS_187,0.0039402603705858
Task001_BrainTumour,BRATS_188,0.0004851688123171
Task001_BrainTumour,BRATS_189,0.0087016912415032
Task001_BrainTumour,BRATS_190,0.0004619493176607
Task001_BrainTumour,BRATS_191,-0.0001502385355154
Task001_BrainTumour,BRATS_192,0.00178160417696
Task001_BrainTumour,BRATS_193,-0.000440982144545
Task001_BrainTumour,BRATS_194,-0.0003161012452409
Task001_BrainTumour,BRATS_195,0.0007533533577221
Task001_BrainTumour,BRATS_196,-0.0005076858541848
Task001_BrainTumour,BRATS_197,0.0013420727696205
Task001_BrainTumour,BRATS_198,-0.0007404484161287
Task001_BrainTumour,BRATS_199,-6.944102223638282e-05
Task001_BrainTumour,BRATS_200,-0.0003736598864223
Task001_BrainTumour,BRATS_201,-0.0007395212237467
Task001_BrainTumour,BRATS_202,-7.239377354828491e-05
Task001_BrainTumour,BRATS_203,0.000278556858441
Task001_BrainTumour,BRATS_204,-0.0001238211522336
Task001_BrainTumour,BRATS_205,-0.0004281202790209
Task001_BrainTumour,BRATS_206,-0.0007317816328442
Task001_BrainTumour,BRATS_207,0.001188518992
Task001_BrainTumour,BRATS_208,-0.0016912101497785
Task001_BrainTumour,BRATS_209,-0.0002369409867196
Task001_BrainTumour,BRATS_210,-0.0004024469468502
Task001_BrainTumour,BRATS_211,-1.7238396953112023e-05
Task001_BrainTumour,BRATS_212,-0.0003981295287409
Task001_BrainTumour,BRATS_213,3.141501706749317e-05
Task001_BrainTumour,BRATS_214,-0.0005867957265097
Task001_BrainTumour,BRATS_215,-0.0001162033153083
Task001_BrainTumour,BRATS_216,-8.193200816830615e-05
Task001_BrainTumour,BRATS_217,0.0005799642512188
Task001_BrainTumour,BRATS_218,0.0054711801164391
Task001_BrainTumour,BRATS_219,-0.0001091752503997
Task001_BrainTumour,BRATS_220,0.000404581198502
Task001_BrainTumour,BRATS_221,-0.0003210052131215
Task001_BrainTumour,BRATS_222,0.0001044033555132
Task001_BrainTumour,BRATS_223,0.0009667262732988
Task001_BrainTumour,BRATS_224,0.0004881831685789
Task001_BrainTumour,BRATS_225,0.0002412457598616
Task001_BrainTumour,BRATS_226,-0.0015517175540384
Task001_BrainTumour,BRATS_227,0.0011017231767067
Task001_BrainTumour,BRATS_228,-0.0001245462824146
Task001_BrainTumour,BRATS_229,0.0002406397998748
Task001_BrainTumour,BRATS_230,0.0001791327988093
Task001_BrainTumour,BRATS_231,-0.0038396783150032
Task001_BrainTumour,BRATS_232,-0.0008063784058596
Task001_BrainTumour,BRATS_233,0.0083408050671738
Task001_BrainTumour,BRATS_234,0.0001055505936016
Task001_BrainTumour,BRATS_235,-0.00025215150306
Task001_BrainTumour,BRATS_236,-0.0002621791235734
Task001_BrainTumour,BRATS_237,-0.0008733050164732
Task001_BrainTumour,BRATS_238,-0.0002720496580397
Task001_BrainTumour,BRATS_239,0.000194582191544
Task001_BrainTumour,BRATS_240,-0.0003201254551629
Task001_BrainTumour,BRATS_241,-0.0011154916353643
Task001_BrainTumour,BRATS_242,-0.000308114731053
Task001_BrainTumour,BRATS_243,-0.0020675869567056
Task001_BrainTumour,BRATS_244,-0.0001398880347863
Task001_BrainTumour,BRATS_245,-0.0006952360965085
Task001_BrainTumour,BRATS_246,0.0002172193135147
Task001_BrainTumour,BRATS_247,3.3269473677766115e-05
Task001_BrainTumour,BRATS_248,0.000986649881122
Task001_BrainTumour,BRATS_249,-7.03661698957525e-05
Task001_BrainTumour,BRATS_250,0.0003712733068974
Task001_BrainTumour,BRATS_251,-0.0009819899042651
Task001_BrainTumour,BRATS_252,-0.0006057972854346
Task001_BrainTumour,BRATS_253,-0.0005936340291546
Task001_BrainTumour,BRATS_254,0.0066732515156728
Task001_BrainTumour,BRATS_255,0.0001473855976011
Task001_BrainTumour,BRATS_256,-0.0006035623098503
Task001_BrainTumour,BRATS_257,-0.0160751684819979
Task001_BrainTumour,BRATS_258,-0.0008562702778258
Task001_BrainTumour,BRATS_259,-0.0003654506633298
Task001_BrainTumour,BRATS_260,-0.001434242643298
Task001_BrainTumour,BRATS_261,-4.359660340902405e-05
Task001_BrainTumour,BRATS_262,-0.0001638239909694
Task001_BrainTumour,BRATS_263,5.722605940361447e-05
Task001_BrainTumour,BRATS_264,-8.482497105344322e-05
Task001_BrainTumour,BRATS_265,0.0003160053637623
Task001_BrainTumour,BRATS_266,-0.0006790861130916
Task001_BrainTumour,BRATS_267,-0.0002874936566377
Task001_BrainTumour,BRATS_268,0.0028711726629935
Task001_BrainTumour,BRATS_269,0.0014495352048383
Task001_BrainTumour,BRATS_270,-0.008272788196811
Task001_BrainTumour,BRATS_271,-0.0008019632028498
Task001_BrainTumour,BRATS_272,-0.0070926940598987
Task001_BrainTumour,BRATS_273,-0.0003757969004295
Task001_BrainTumour,BRATS_274,-0.0003660438696518
Task001_BrainTumour,BRATS_275,-0.0002019050291076
Task001_BrainTumour,BRATS_276,-0.0004712398087836
Task001_BrainTumour,BRATS_277,-0.0008101031455469
Task001_BrainTumour,BRATS_278,-0.0007341576226006
Task001_BrainTumour,BRATS_279,-0.0003056257494234
Task001_BrainTumour,BRATS_280,-0.0002827077565946
Task001_BrainTumour,BRATS_281,-0.0006309174172451
Task001_BrainTumour,BRATS_282,-0.0006484642896462
Task001_BrainTumour,BRATS_283,-0.0004200644131229
Task001_BrainTumour,BRATS_284,-0.0001020577137222
Task001_BrainTumour,BRATS_285,-0.0003383313186574
Task001_BrainTumour,BRATS_286,-0.0003523338507405
Task001_BrainTumour,BRATS_287,0.0368978530696409
Task001_BrainTumour,BRATS_288,-0.0007181421818798
Task001_BrainTumour,BRATS_289,-0.0001318503988091
Task001_BrainTumour,BRATS_290,-0.0001237153897969
Task001_BrainTumour,BRATS_291,-0.0002841686946437
Task001_BrainTumour,BRATS_292,-0.0012941600852875
Task001_BrainTumour,BRATS_293,-0.0006315561218128
Task001_BrainTumour,BRATS_294,-0.0006070824714623
Task001_BrainTumour,BRATS_295,-0.0004976946653276
Task001_BrainTumour,BRATS_296,0.0003210407321687
Task001_BrainTumour,BRATS_297,-0.0009143878211529
Task001_BrainTumour,BRATS_298,-0.0004471894927244
Task001_BrainTumour,BRATS_299,-0.0035309797400797
Task001_BrainTumour,BRATS_300,-0.0004204865115585
Task001_BrainTumour,BRATS_301,0.0003060345455998
Task001_BrainTumour,BRATS_302,-0.0064221937399548
Task001_BrainTumour,BRATS_303,-0.0022171118788949
Task001_BrainTumour,BRATS_304,-3.123797812609741e-05
Task001_BrainTumour,BRATS_305,-0.0001777848813909
Task001_BrainTumour,BRATS_306,-0.0008569611731422
Task001_BrainTumour,BRATS_307,-0.0030680669066458
Task001_BrainTumour,BRATS_308,-0.0006893736152833
Task001_BrainTumour,BRATS_309,-0.000922197668411
Task001_BrainTumour,BRATS_310,0.0015559702130282
Task001_BrainTumour,BRATS_311,-0.0004226977387986
Task001_BrainTumour,BRATS_312,0.0008363985898722
Task001_BrainTumour,BRATS_313,-0.0002925989921696
Task001_BrainTumour,BRATS_314,-0.0011813031198064
Task001_BrainTumour,BRATS_315,0.0018120158174561
Task001_BrainTumour,BRATS_316,-0.0010221856775206
Task001_BrainTumour,BRATS_317,-0.0004471836061129
Task001_BrainTumour,BRATS_318,-0.0016042131338052
Task001_BrainTumour,BRATS_319,-0.0001769075844716
Task001_BrainTumour,BRATS_320,0.0006840157843345
Task001_BrainTumour,BRATS_321,-0.0018603689168716
Task001_BrainTumour,BRATS_322,-0.0016539835479509
Task001_BrainTumour,BRATS_323,-0.0005673239651511
Task001_BrainTumour,BRATS_324,0.0020494598770981
Task001_BrainTumour,BRATS_325,-0.0020398786186851
Task001_BrainTumour,BRATS_326,-0.0011730407303049
Task001_BrainTumour,BRATS_327,-0.0002436730546561
Task001_BrainTumour,BRATS_328,-0.0010570834968984
Task001_BrainTumour,BRATS_329,-0.0008419048256758
Task001_BrainTumour,BRATS_330,-0.0006958755953563
Task001_BrainTumour,BRATS_331,9.724718267400956e-05
Task001_BrainTumour,BRATS_332,0.0005739966458944
Task001_BrainTumour,BRATS_333,-0.0009874553925586
Task001_BrainTumour,BRATS_334,-0.0003315246902785
Task001_BrainTumour,BRATS_335,0.0003318916361109
Task001_BrainTumour,BRATS_336,-0.0002445958692369
Task001_BrainTumour,BRATS_337,-0.0007199214253297
Task001_BrainTumour,BRATS_338,-0.0032407852474755
Task001_BrainTumour,BRATS_339,-0.0002704602678815
Task001_BrainTumour,BRATS_340,-0.003085415675764
Task001_BrainTumour,BRATS_341,-5.103293031516465e-05
Task001_BrainTumour,BRATS_342,0.0004099588706019
Task001_BrainTumour,BRATS_343,0.0003114647344217
Task001_BrainTumour,BRATS_344,-0.0009256173086331
Task001_BrainTumour,BRATS_345,-0.0009605333701677
Task001_BrainTumour,BRATS_346,-0.0007699046178386
Task001_BrainTumour,BRATS_347,-0.00074792472562
Task001_BrainTumour,BRATS_348,-0.001281277092245
Task001_BrainTumour,BRATS_349,0.000395120868969
Task001_BrainTumour,BRATS_350,-0.00010086502403
Task001_BrainTumour,BRATS_351,-0.0006441205758672
Task001_BrainTumour,BRATS_352,0.0214698797066092
Task001_BrainTumour,BRATS_353,0.0002609020172711
Task001_BrainTumour,BRATS_354,0.0004247350612452
Task001_BrainTumour,BRATS_355,-0.0006141815232005
Task001_BrainTumour,BRATS_356,8.86406849235355e-05
Task001_BrainTumour,BRATS_357,-0.0009781214642399
Task001_BrainTumour,BRATS_358,-0.0019146098320419
Task001_BrainTumour,BRATS_359,-0.0009875262960242
Task001_BrainTumour,BRATS_360,-0.0004574957219538
Task001_BrainTumour,BRATS_361,0.0002916686628504
Task001_BrainTumour,BRATS_362,-0.0002269536938437
Task001_BrainTumour,BRATS_363,0.0011353206687598
Task001_BrainTumour,BRATS_364,-0.0007071110129547
Task001_BrainTumour,BRATS_365,-0.0004287425171286
Task001_BrainTumour,BRATS_366,-0.0014313541398771
Task001_BrainTumour,BRATS_367,-0.0003770828875572
Task001_BrainTumour,BRATS_368,0.0026511028717213
Task001_BrainTumour,BRATS_369,-0.0004874134275214
Task001_BrainTumour,BRATS_370,-0.001863152509785
Task001_BrainTumour,BRATS_371,-0.0001606270904679
Task001_BrainTumour,BRATS_372,0.0005614716219093
Task001_BrainTumour,BRATS_373,0.0025684310578073
Task001_BrainTumour,BRATS_374,-0.0013042680407077
Task001_BrainTumour,BRATS_375,-0.0007892646110164
Task001_BrainTumour,BRATS_376,-0.002081138980303
Task001_BrainTumour,BRATS_377,-0.000142505691738
Task001_BrainTumour,BRATS_378,0.0001885212418354
Task001_BrainTumour,BRATS_379,0.0005244893807092
Task001_BrainTumour,BRATS_380,-0.0026274543000701
Task001_BrainTumour,BRATS_381,0.0
Task001_BrainTumour,BRATS_382,-0.0008949099571864
Task001_BrainTumour,BRATS_383,-0.0008741852016687
Task001_BrainTumour,BRATS_384,-0.0008225588147734
Task001_BrainTumour,BRATS_385,0.0001721812180384
Task001_BrainTumour,BRATS_386,-0.0007417326217148
Task001_BrainTumour,BRATS_387,-0.0013381176071961
Task001_BrainTumour,BRATS_388,4.387841664521552e-05
Task001_BrainTumour,BRATS_389,0.0004946298954791
Task001_BrainTumour,BRATS_390,-0.0017874561841586
Task001_BrainTumour,BRATS_391,-0.0017996465370537
Task001_BrainTumour,BRATS_392,0.0005280308206341
Task001_BrainTumour,BRATS_393,-0.0012183942771992
Task001_BrainTumour,BRATS_394,-0.0030008352085628
Task001_BrainTumour,BRATS_395,-0.000835831454685
Task001_BrainTumour,BRATS_396,-0.0016599593393626
Task001_BrainTumour,BRATS_397,-0.0009806966875733
Task001_BrainTumour,BRATS_398,-0.0003977330174271
Task001_BrainTumour,BRATS_399,0.0002145701663491
Task001_BrainTumour,BRATS_400,-0.0020591263052875
Task001_BrainTumour,BRATS_401,-0.0008400612001939
Task001_BrainTumour,BRATS_402,-0.0006498345603854
Task001_BrainTumour,BRATS_403,-0.0001578089765793
Task001_BrainTumour,BRATS_404,-2.631444453915499e-05
Task001_BrainTumour,BRATS_405,-0.0001667297945119
Task001_BrainTumour,BRATS_406,-0.0004074974929162
Task001_BrainTumour,BRATS_407,-0.0011389898504289
Task001_BrainTumour,BRATS_408,-0.0025947493406992
Task001_BrainTumour,BRATS_409,-9.045061517631849e-05
Task001_BrainTumour,BRATS_410,-0.00102269072772
Task001_BrainTumour,BRATS_411,-0.0006249022544767
Task001_BrainTumour,BRATS_412,-0.0012791319758533
Task001_BrainTumour,BRATS_413,-0.003882170807389
Task001_BrainTumour,BRATS_414,-0.0021198983569988
Task001_BrainTumour,BRATS_415,-0.0005146070241713
Task001_BrainTumour,BRATS_416,0.0006633081641188
Task001_BrainTumour,BRATS_417,-0.0004041110188364
Task001_BrainTumour,BRATS_418,-0.0004421747781808
Task001_BrainTumour,BRATS_419,-0.0009214858417171
Task001_BrainTumour,BRATS_420,0.0003354253355386
Task001_BrainTumour,BRATS_421,4.7372513299226426e-05
Task001_BrainTumour,BRATS_422,-0.0005276493190931
Task001_BrainTumour,BRATS_423,-0.0016817152947099
Task001_BrainTumour,BRATS_424,0.0005016858607422
Task001_BrainTumour,BRATS_425,8.226566933422497e-05
Task001_BrainTumour,BRATS_426,0.0003966018046021
Task001_BrainTumour,BRATS_427,-6.259154464227645e-05
Task001_BrainTumour,BRATS_428,-0.0008680211212417
Task001_BrainTumour,BRATS_429,-0.000467007252211
Task001_BrainTumour,BRATS_430,-0.0002736439161973
Task001_BrainTumour,BRATS_431,-0.0008913261358576
Task001_BrainTumour,BRATS_432,-0.0021375128668411
Task001_BrainTumour,BRATS_433,-0.0006897870902921
Task001_BrainTumour,BRATS_434,-0.0030323276859067
Task001_BrainTumour,BRATS_435,-0.0003610076292502
Task001_BrainTumour,BRATS_436,-0.0001429368831273
Task001_BrainTumour,BRATS_437,-0.0013536263430095
Task001_BrainTumour,BRATS_438,-0.0024992870322126
Task001_BrainTumour,BRATS_439,0.000283389194522
Task001_BrainTumour,BRATS_440,-0.0002425544434787
Task001_BrainTumour,BRATS_441,-0.0003761926312848
Task001_BrainTumour,BRATS_442,-0.0019239949427691
Task001_BrainTumour,BRATS_443,-0.0001517783375576
Task001_BrainTumour,BRATS_444,-0.0004923360162409
Task001_BrainTumour,BRATS_445,-0.0016404631469787
Task001_BrainTumour,BRATS_446,-0.0013030122709442
Task001_BrainTumour,BRATS_447,-0.0006137488003028
Task001_BrainTumour,BRATS_448,-0.003295940907078
Task001_BrainTumour,BRATS_449,-0.001023122370385
Task001_BrainTumour,BRATS_450,-0.0016036774937577
Task001_BrainTumour,BRATS_451,-0.0003030195551985
Task001_BrainTumour,BRATS_452,3.435762413750432e-05
Task001_BrainTumour,BRATS_453,-0.0007181341775743
Task001_BrainTumour,BRATS_454,-0.0017320785994165
Task001_BrainTumour,BRATS_455,-0.0007905082994437
Task001_BrainTumour,BRATS_456,-0.0014253432669866
Task001_BrainTumour,BRATS_457,-0.0006798038791672
Task001_BrainTumour,BRATS_458,-2.071934195502223e-05
Task001_BrainTumour,BRATS_459,-0.0009937607064972
Task001_BrainTumour,BRATS_460,-0.0004411350111921
Task001_BrainTumour,BRATS_461,-0.0015187488974087
Task001_BrainTumour,BRATS_462,-0.0008553634898282
Task001_BrainTumour,BRATS_463,-0.0009809745874571
Task001_BrainTumour,BRATS_464,-0.0013928732513521
Task001_BrainTumour,BRATS_465,-0.0007049940153079
Task001_BrainTumour,BRATS_466,-0.000682632173621
Task001_BrainTumour,BRATS_467,-0.0003065211896488
Task001_BrainTumour,BRATS_468,-0.0002266065674048
Task001_BrainTumour,BRATS_469,-0.000573697765564
Task001_BrainTumour,BRATS_470,-0.0004238126354921
Task001_BrainTumour,BRATS_471,-0.0007726864687538
Task001_BrainTumour,BRATS_472,-0.001216927320867
Task001_BrainTumour,BRATS_473,-0.0008690428282702
Task001_BrainTumour,BRATS_474,-0.0014615379811171
Task001_BrainTumour,BRATS_475,-0.0017991706298202
Task001_BrainTumour,BRATS_476,-0.0004645397733243
Task001_BrainTumour,BRATS_477,-8.68861166549717e-05
Task001_BrainTumour,BRATS_478,-0.000207218588588
Task001_BrainTumour,BRATS_479,-0.0004495923756371
Task001_BrainTumour,BRATS_480,-0.0009310733206457
Task001_BrainTumour,BRATS_481,-0.0005651323120023
Task001_BrainTumour,BRATS_482,-0.0023549958141351
Task001_BrainTumour,BRATS_483,4.737184979264342e-05
Task001_BrainTumour,BRATS_484,-0.0015677424908592
Task002_Heart,la_003,9.273452238889313e-05
Task002_Heart,la_004,-6.307573138519817e-05
Task002_Heart,la_005,-1.407349357329668e-05
Task002_Heart,la_007,7.212265429878961e-05
Task002_Heart,la_009,7.58956420123802e-05
Task002_Heart,la_010,-0.0002970235098807
Task002_Heart,la_011,-2.0754552303103857e-05
Task002_Heart,la_014,-8.709772754245115e-06
Task002_Heart,la_016,-6.085406275735394e-05
Task002_Heart,la_017,0.0001620124524641
Task002_Heart,la_018,0.0002210348729024
Task002_Heart,la_019,0.0003386150706975
Task002_Heart,la_020,0.0002114474948564
Task002_Heart,la_021,5.4310348617137016e-05
Task002_Heart,la_022,-8.767207975413083e-05
Task002_Heart,la_023,-6.179072472090041e-05
Task002_Heart,la_024,-3.730326680129181e-05
Task002_Heart,la_026,1.913639825068536e-05
Task002_Heart,la_029,-0.0001436611644699
Task002_Heart,la_030,-7.089496356693648e-05
Task003_Liver,liver_0,0.0103663136716256
Task003_Liver,liver_1,-0.00148362632411
Task003_Liver,liver_10,-0.0007186238973683
Task003_Liver,liver_100,-0.0004698947542789
Task003_Liver,liver_101,0.0001732218010417
Task003_Liver,liver_102,0.0024499159736572
Task003_Liver,liver_103,0.0040403339516409
Task003_Liver,liver_104,0.0019545934393888
Task003_Liver,liver_105,-8.474653955636846e-05
Task003_Liver,liver_106,-0.0002736254089986
Task003_Liver,liver_107,-0.0022367988116351
Task003_Liver,liver_108,-0.0084134031299094
Task003_Liver,liver_109,-0.0044013031861864
Task003_Liver,liver_11,-0.1643869239217236
Task003_Liver,liver_110,0.0069383083312424
Task003_Liver,liver_111,-0.0063398148291313
Task003_Liver,liver_112,-0.0031132809950018
Task003_Liver,liver_113,-0.002430792495541
Task003_Liver,liver_114,-0.0001672216246122
Task003_Liver,liver_115,-2.720440023551429e-05
Task003_Liver,liver_116,3.676392194190692e-05
Task003_Liver,liver_117,-0.0009002768260589
Task003_Liver,liver_118,0.0109028600128747
Task003_Liver,liver_119,-0.0002391979287457
Task003_Liver,liver_12,-0.0644429170757412
Task003_Liver,liver_120,-0.0092067242265053
Task003_Liver,liver_121,0.0309278930037929
Task003_Liver,liver_122,0.0117386810071032
Task003_Liver,liver_123,-0.0026809634645096
Task003_Liver,liver_124,0.000300165329245
Task003_Liver,liver_125,-0.0018270534415409
Task003_Liver,liver_126,0.0125465825437245
Task003_Liver,liver_127,-9.857480481656468e-05
Task003_Liver,liver_128,-0.0015158986889213
Task003_Liver,liver_129,0.0003867488457529
Task003_Liver,liver_13,0.0392760708697048
Task003_Liver,liver_130,0.0323162795526407
Task003_Liver,liver_14,-0.045785139305204
Task003_Liver,liver_15,-0.0983871501785016
Task003_Liver,liver_16,-0.0001969151495052
Task003_Liver,liver_17,-0.0024842472338366
Task003_Liver,liver_18,0.003704047924551
Task003_Liver,liver_19,-0.0088527072638997
Task003_Liver,liver_2,0.0038803259311201
Task003_Liver,liver_20,-0.0920325491849506
Task003_Liver,liver_21,0.0126694276494534
Task003_Liver,liver_22,-0.0058417411206515
Task003_Liver,liver_23,-0.0020166735971273
Task003_Liver,liver_24,0.0900556893745317
Task003_Liver,liver_25,0.046925233522205
Task003_Liver,liver_26,-0.0019914995710506
Task003_Liver,liver_27,0.0001345254193586
Task003_Liver,liver_28,0.0518834694062633
Task003_Liver,liver_29,0.0272616394855885
Task003_Liver,liver_3,-0.0040757503157149
Task003_Liver,liver_30,0.0373819439788638
Task003_Liver,liver_31,-0.0049794941807116
Task003_Liver,liver_32,2.9172597373228196e-05
Task003_Liver,liver_33,0.0023799586666082
Task003_Liver,liver_34,0.0001104212401791
Task003_Liver,liver_35,0.1480516308286336
Task003_Liver,liver_36,0.000984366562837
Task003_Liver,liver_37,-0.0018501388784545
Task003_Liver,liver_38,0.0001628838217886
Task003_Liver,liver_39,3.683707543139514e-05
Task003_Liver,liver_4,0.0051822212613414
Task003_Liver,liver_40,-0.0006544769304103
Task003_Liver,liver_41,-2.7448699878640515e-05
Task003_Liver,liver_42,-0.0881430324827505
Task003_Liver,liver_43,-0.0593945827866857
Task003_Liver,liver_44,0.0126339716847612
Task003_Liver,liver_45,0.001336802931314
Task003_Liver,liver_46,0.1260691279374686
Task003_Liver,liver_47,-0.0001303712682168
Task003_Liver,liver_48,0.0010319456428194
Task003_Liver,liver_49,0.0031653706861993
Task003_Liver,liver_5,0.01123145728555
Task003_Liver,liver_50,0.0052219675647143
Task003_Liver,liver_51,0.0004496758322527
Task003_Liver,liver_52,0.0025234906797346
Task003_Liver,liver_53,0.0097075188609291
Task003_Liver,liver_54,0.180183021182004
Task003_Liver,liver_55,0.1322470281653643
Task003_Liver,liver_56,0.0019416568043288
Task003_Liver,liver_57,0.0065246552444421
Task003_Liver,liver_58,0.0812662395522889
Task003_Liver,liver_59,-0.041288910713975
Task003_Liver,liver_6,-5.46041330062863e-06
Task003_Liver,liver_60,0.0036196477220336
Task003_Liver,liver_61,0.0063247493726439
Task003_Liver,liver_62,0.0192980912812265
Task003_Liver,liver_63,-0.0007258630432439
Task003_Liver,liver_64,-0.000323614474925
Task003_Liver,liver_65,0.0318387212477617
Task003_Liver,liver_66,0.0047721068996172
Task003_Liver,liver_67,0.1183953674636304
Task003_Liver,liver_68,0.0017378331338034
Task003_Liver,liver_69,-0.0006971826756173
Task003_Liver,liver_7,-0.0001190481455909
Task003_Liver,liver_70,0.0015807464587822
Task003_Liver,liver_71,0.0031248689344034
Task003_Liver,liver_72,0.001483578286372
Task003_Liver,liver_73,0.029542879811059
Task003_Liver,liver_74,0.1802608091438029
Task003_Liver,liver_75,-0.0004468968349105
Task003_Liver,liver_76,0.0001506436613056
Task003_Liver,liver_77,0.0234548814009979
Task003_Liver,liver_78,0.0038235586068768
Task003_Liver,liver_79,0.0014148704155266
Task003_Liver,liver_8,0.0016029406604212
Task003_Liver,liver_80,0.0024374370231685
Task003_Liver,liver_81,-0.0020942181440618
Task003_Liver,liver_82,0.0003540775064411
Task003_Liver,liver_83,-0.0251653696182704
Task003_Liver,liver_84,0.0199333073489944
Task003_Liver,liver_85,0.0464647752223824
Task003_Liver,liver_86,0.0267558558687006
Task003_Liver,liver_87,-8.290461305371366e-05
Task003_Liver,liver_88,0.0040792145031283
Task003_Liver,liver_89,7.025226639312265e-05
Task003_Liver,liver_9,-4.325917475356267e-05
Task003_Liver,liver_90,0.0016889361306646
Task003_Liver,liver_91,-6.485890161944674e-06
Task003_Liver,liver_92,0.0164682018999328
Task003_Liver,liver_93,-0.0015134993281726
Task003_Liver,liver_94,0.0016834852879609
Task003_Liver,liver_95,-0.0002892850594358
Task003_Liver,liver_96,0.0107145407561577
Task003_Liver,liver_97,0.0007321592003763
Task003_Liver,liver_98,0.0006372549768109
Task003_Liver,liver_99,0.0187215517016433
Task004_Hippocampus,hippocampus_001,-0.0002202845945449
Task004_Hippocampus,hippocampus_003,-0.0005144550095079
Task004_Hippocampus,hippocampus_004,8.595707273451048e-05
Task004_Hippocampus,hippocampus_006,0.0006056476915097
Task004_Hippocampus,hippocampus_007,-0.0007980533647845
Task004_Hippocampus,hippocampus_008,-0.0001615830382371
Task004_Hippocampus,hippocampus_011,0.0001177081151358
Task004_Hippocampus,hippocampus_014,-0.0001934207956266
Task004_Hippocampus,hippocampus_015,0.0004551924662145
Task004_Hippocampus,hippocampus_017,0.0010194035700585
Task004_Hippocampus,hippocampus_019,2.7832396364724232e-05
Task004_Hippocampus,hippocampus_020,-0.0001337943210261
Task004_Hippocampus,hippocampus_023,-0.0004848477456099
Task004_Hippocampus,hippocampus_024,-8.997440127167522e-06
Task004_Hippocampus,hippocampus_025,-0.0003413001423004
Task004_Hippocampus,hippocampus_026,-0.0003342094030495
Task004_Hippocampus,hippocampus_033,0.0005140811364966
Task004_Hippocampus,hippocampus_034,6.52965153918883e-05
Task004_Hippocampus,hippocampus_035,0.001475890077127
Task004_Hippocampus,hippocampus_036,0.0002576408901137
Task004_Hippocampus,hippocampus_037,0.0003319563172609
Task004_Hippocampus,hippocampus_038,0.0007166486984666
Task004_Hippocampus,hippocampus_039,0.0007011991502079
Task004_Hippocampus,hippocampus_040,-0.0007498247335366
Task004_Hippocampus,hippocampus_041,0.0010971966828612
Task004_Hippocampus,hippocampus_042,0.0005133312722197
Task004_Hippocampus,hippocampus_044,0.0004227742063044
Task004_Hippocampus,hippocampus_045,0.0002456902421779
Task004_Hippocampus,hippocampus_046,0.0002431974058204
Task004_Hippocampus,hippocampus_048,-1.148960180041847e-05
Task004_Hippocampus,hippocampus_049,-0.0004547841756696
Task004_Hippocampus,hippocampus_050,-1.1462061521694268e-05
Task004_Hippocampus,hippocampus_051,0.0006499162934032
Task004_Hippocampus,hippocampus_052,-0.0008531491893695
Task004_Hippocampus,hippocampus_053,-0.0003710354011782
Task004_Hippocampus,hippocampus_056,4.929566033695654e-05
Task004_Hippocampus,hippocampus_057,-0.0002883381849869
Task004_Hippocampus,hippocampus_058,-0.0005618477408281
Task004_Hippocampus,hippocampus_060,0.0005405463045118
Task004_Hippocampus,hippocampus_064,8.039653900793198e-05
Task004_Hippocampus,hippocampus_065,-0.0012642352649688
Task004_Hippocampus,hippocampus_067,-0.0001396354403573
Task004_Hippocampus,hippocampus_068,4.368519320974151e-05
Task004_Hippocampus,hippocampus_070,-0.000132690950588
Task004_Hippocampus,hippocampus_074,-0.0005576083104255
Task004_Hippocampus,hippocampus_075,0.0001078404367431
Task004_Hippocampus,hippocampus_077,0.0005503687022134
Task004_Hippocampus,hippocampus_083,0.0016159763195011
Task004_Hippocampus,hippocampus_084,-0.0001295422304469
Task004_Hippocampus,hippocampus_087,-0.0010934378572219
Task004_Hippocampus,hippocampus_088,0.0003030948772279
Task004_Hippocampus,hippocampus_089,-0.0002061652051799
Task004_Hippocampus,hippocampus_090,0.0005475636625011
Task004_Hippocampus,hippocampus_091,-2.775164571600097e-05
Task004_Hippocampus,hippocampus_092,0.000387947022616
Task004_Hippocampus,hippocampus_093,-0.0001385153708315
Task004_Hippocampus,hippocampus_094,0.0005785991875069
Task004_Hippocampus,hippocampus_095,-2.4817324247305983e-05
Task004_Hippocampus,hippocampus_096,0.0004392471091764
Task004_Hippocampus,hippocampus_097,0.0004320195246798
Task004_Hippocampus,hippocampus_098,0.0004344201513639
Task004_Hippocampus,hippocampus_099,-0.0007254828005293
Task004_Hippocampus,hippocampus_101,-0.0007227845627083
Task004_Hippocampus,hippocampus_102,0.0008243298886295
Task004_Hippocampus,hippocampus_104,0.0001480448900534
Task004_Hippocampus,hippocampus_105,-0.0002908284120356
Task004_Hippocampus,hippocampus_106,1.8150945091499612e-05
Task004_Hippocampus,hippocampus_107,0.0007664434740154
Task004_Hippocampus,hippocampus_108,-0.0001139388966833
Task004_Hippocampus,hippocampus_109,0.0003249233038591
Task004_Hippocampus,hippocampus_114,0.0004241373157016
Task004_Hippocampus,hippocampus_123,0.0001139052077733
Task004_Hippocampus,hippocampus_124,-9.104539594673168e-05
Task004_Hippocampus,hippocampus_125,-0.0016563071557066
Task004_Hippocampus,hippocampus_126,1.1437872124764326e-05
Task004_Hippocampus,hippocampus_127,0.0004437570446925
Task004_Hippocampus,hippocampus_130,-0.0001797717148762
Task004_Hippocampus,hippocampus_132,-0.0001454250212939
Task004_Hippocampus,hippocampus_133,-0.0003497795756811
Task004_Hippocampus,hippocampus_135,-0.0005629743370859
Task004_Hippocampus,hippocampus_136,0.0009841975260045
Task004_Hippocampus,hippocampus_138,-0.0003328949061325
Task004_Hippocampus,hippocampus_141,-0.0005384323087163
Task004_Hippocampus,hippocampus_142,0.0003449465332873
Task004_Hippocampus,hippocampus_143,0.0002496105361732
Task004_Hippocampus,hippocampus_144,0.0008876102232686
Task004_Hippocampus,hippocampus_145,-0.0006014569371614
Task004_Hippocampus,hippocampus_146,-0.0006117243575024
Task004_Hippocampus,hippocampus_148,-0.0005551965482468
Task004_Hippocampus,hippocampus_149,0.0003890993855728
Task004_Hippocampus,hippocampus_150,8.079300363661446e-05
Task004_Hippocampus,hippocampus_152,0.0003700595670211
Task004_Hippocampus,hippocampus_154,-0.0008233903852765
Task004_Hippocampus,hippocampus_155,-0.000713196391378
Task004_Hippocampus,hippocampus_156,0.0001835012123528
Task004_Hippocampus,hippocampus_157,-0.0002974922990303
Task004_Hippocampus,hippocampus_158,-0.0003441294151058
Task004_Hippocampus,hippocampus_160,7.481090041605576e-05
Task004_Hippocampus,hippocampus_161,-0.0001998412919498
Task004_Hippocampus,hippocampus_162,0.0001747421183855
Task004_Hippocampus,hippocampus_163,0.0004851948145396
Task004_Hippocampus,hippocampus_164,-0.0002609111092023
Task004_Hippocampus,hippocampus_165,8.6141681698515e-05
Task004_Hippocampus,hippocampus_166,-0.0002063996603335
Task004_Hippocampus,hippocampus_169,0.0001898041398386
Task004_Hippocampus,hippocampus_170,-0.0003396244089726
Task004_Hippocampus,hippocampus_171,0.0004789546536767
Task004_Hippocampus,hippocampus_172,-0.0006728828380295
Task004_Hippocampus,hippocampus_173,0.0013918427302567
Task004_Hippocampus,hippocampus_174,0.000282833164246
Task004_Hippocampus,hippocampus_175,0.0002731339716726
Task004_Hippocampus,hippocampus_176,-0.0001086461045286
Task004_Hippocampus,hippocampus_177,0.0009444185810977
Task004_Hippocampus,hippocampus_178,0.0002616416304143
Task004_Hippocampus,hippocampus_180,-0.000849804715709
Task004_Hippocampus,hippocampus_181,0.0005974187714763
Task004_Hippocampus,hippocampus_184,4.404488413134455e-05
Task004_Hippocampus,hippocampus_185,0.0001173715223788
Task004_Hippocampus,hippocampus_188,7.990770508392586e-05
Task004_Hippocampus,hippocampus_189,0.0008877600694702
Task004_Hippocampus,hippocampus_190,-4.156558107637487e-05
Task004_Hippocampus,hippocampus_193,5.0052724720695e-05
Task004_Hippocampus,hippocampus_194,-0.0004766609993029
Task004_Hippocampus,hippocampus_195,0.0009308409713346
Task004_Hippocampus,hippocampus_197,2.003205333989122e-05
Task004_Hippocampus,hippocampus_199,0.0005559315789674
Task004_Hippocampus,hippocampus_203,-0.0003120115882431
Task004_Hippocampus,hippocampus_204,-0.0003521668912979
Task004_Hippocampus,hippocampus_205,-5.715654559157457e-05
Task004_Hippocampus,hippocampus_207,0.0002044277209873
Task004_Hippocampus,hippocampus_210,-0.0001741779633435
Task004_Hippocampus,hippocampus_212,-0.0001237187423801
Task004_Hippocampus,hippocampus_215,4.218294677504897e-05
Task004_Hippocampus,hippocampus_216,-3.160659710621516e-05
Task004_Hippocampus,hippocampus_217,0.0011406151617239
Task004_Hippocampus,hippocampus_219,0.0001978961765005
Task004_Hippocampus,hippocampus_220,-0.0005097083152284
Task004_Hippocampus,hippocampus_221,0.0002350358392524
Task004_Hippocampus,hippocampus_222,-0.0010969971794561
Task004_Hippocampus,hippocampus_223,-0.0002092692430016
Task004_Hippocampus,hippocampus_224,0.0003680703349799
Task004_Hippocampus,hippocampus_225,-6.755079647824402e-05
Task004_Hippocampus,hippocampus_226,0.0002692289519613
Task004_Hippocampus,hippocampus_227,0.0003766501589066
Task004_Hippocampus,hippocampus_228,0.0007177844210695
Task004_Hippocampus,hippocampus_229,0.0001900749369194
Task004_Hippocampus,hippocampus_230,0.0005583115929828
Task004_Hippocampus,hippocampus_231,4.19701333495004e-05
Task004_Hippocampus,hippocampus_232,-0.0007318644125813
Task004_Hippocampus,hippocampus_233,-0.0001728180799358
Task004_Hippocampus,hippocampus_234,7.355724932733843e-05
Task004_Hippocampus,hippocampus_235,-0.0003257044568906
Task004_Hippocampus,hippocampus_236,0.0005494206941281
Task004_Hippocampus,hippocampus_238,0.0003397919583172
Task004_Hippocampus,hippocampus_242,0.00072104017409
Task004_Hippocampus,hippocampus_243,-0.0003178754749557
Task004_Hippocampus,hippocampus_244,0.0001874022035991
Task004_Hippocampus,hippocampus_245,0.000237700699011
Task004_Hippocampus,hippocampus_248,-0.0001252351121161
Task004_Hippocampus,hippocampus_249,0.0004432977860234
Task004_Hippocampus,hippocampus_250,0.0006545085500403
Task004_Hippocampus,hippocampus_251,-0.0001246240076417
Task004_Hippocampus,hippocampus_252,0.0011286118034568
Task004_Hippocampus,hippocampus_253,8.825865226125273e-05
Task004_Hippocampus,hippocampus_257,-0.0003832995800867
Task004_Hippocampus,hippocampus_259,-0.000717343301139
Task004_Hippocampus,hippocampus_260,0.0001235712023883
Task004_Hippocampus,hippocampus_261,-4.962507241290659e-05
Task004_Hippocampus,hippocampus_263,0.0009886689144946
Task004_Hippocampus,hippocampus_264,-0.0006404292958549
Task004_Hippocampus,hippocampus_265,-0.0005178783588338
Task004_Hippocampus,hippocampus_268,-0.0004707309508491
Task004_Hippocampus,hippocampus_269,-0.0007181292741831
Task004_Hippocampus,hippocampus_274,0.0007221485414755
Task004_Hippocampus,hippocampus_276,-8.90068647508846e-05
Task004_Hippocampus,hippocampus_277,0.0003528923922928
Task004_Hippocampus,hippocampus_279,-0.0005870359607896
Task004_Hippocampus,hippocampus_280,0.002103627548376
Task004_Hippocampus,hippocampus_282,0.0003848767611485
Task004_Hippocampus,hippocampus_286,-0.0004158380209221
Task004_Hippocampus,hippocampus_287,0.0004713128454258
Task004_Hippocampus,hippocampus_288,2.712262520832009e-05
Task004_Hippocampus,hippocampus_289,-0.0001815352420238
Task004_Hippocampus,hippocampus_290,0.0007122297285093
Task004_Hippocampus,hippocampus_292,-0.0006759733224744
Task004_Hippocampus,hippocampus_294,-0.0001533479245447
Task004_Hippocampus,hippocampus_295,0.0004526075382144
Task004_Hippocampus,hippocampus_296,0.000239884851823
Task004_Hippocampus,hippocampus_297,-5.1107947991568814e-05
Task004_Hippocampus,hippocampus_298,-0.0006975913302242
Task004_Hippocampus,hippocampus_299,0.0004355687737178
Task004_Hippocampus,hippocampus_300,0.0006511963694654
Task004_Hippocampus,hippocampus_301,6.89741484267703e-05
Task004_Hippocampus,hippocampus_302,0.0003000229372263
Task004_Hippocampus,hippocampus_303,-0.0001643251543376
Task004_Hippocampus,hippocampus_304,0.0003922377095801
Task004_Hippocampus,hippocampus_305,0.0017963124189159
Task004_Hippocampus,hippocampus_308,6.681377167794267e-05
Task004_Hippocampus,hippocampus_309,0.0002275907349043
Task004_Hippocampus,hippocampus_310,-0.0005313220773164
Task004_Hippocampus,hippocampus_311,0.0003645618242074
Task004_Hippocampus,hippocampus_314,-0.0005104359707912
Task004_Hippocampus,hippocampus_316,-0.0003056204583318
Task004_Hippocampus,hippocampus_317,1.5894858966136738e-05
Task004_Hippocampus,hippocampus_318,-0.0002604024596041
Task004_Hippocampus,hippocampus_319,0.000349888561526
Task004_Hippocampus,hippocampus_320,-0.001158782087873
Task004_Hippocampus,hippocampus_321,-0.0004802182498784
Task004_Hippocampus,hippocampus_322,0.0011813249732106
Task004_Hippocampus,hippocampus_325,0.0001276591146081
Task004_Hippocampus,hippocampus_326,0.0001079250058613
Task004_Hippocampus,hippocampus_327,0.0002882426709323
Task004_Hippocampus,hippocampus_328,3.941038486798831e-05
Task004_Hippocampus,hippocampus_329,0.0001911065485197
Task004_Hippocampus,hippocampus_330,0.0001953448778495
Task004_Hippocampus,hippocampus_331,0.0001517758928193
Task004_Hippocampus,hippocampus_332,-0.0004292537177444
Task004_Hippocampus,hippocampus_333,-0.00137666625304
Task004_Hippocampus,hippocampus_334,-0.0004368412626676
Task004_Hippocampus,hippocampus_335,0.000308978785552
Task004_Hippocampus,hippocampus_336,-0.0013187007167523
Task004_Hippocampus,hippocampus_337,-0.0006084589248789
Task004_Hippocampus,hippocampus_338,-2.391172788207552e-05
Task004_Hippocampus,hippocampus_340,0.0009875927747924
Task004_Hippocampus,hippocampus_341,0.0002872032924874
Task004_Hippocampus,hippocampus_343,8.125569265005073e-05
Task004_Hippocampus,hippocampus_345,-0.0002242043425907
Task004_Hippocampus,hippocampus_349,-0.000542428696477
Task004_Hippocampus,hippocampus_350,-0.0002955354757685
Task004_Hippocampus,hippocampus_351,-0.0001802930717655
Task004_Hippocampus,hippocampus_352,0.0001486466799005
Task004_Hippocampus,hippocampus_353,0.0005162331768857
Task004_Hippocampus,hippocampus_354,0.0002740703960559
Task004_Hippocampus,hippocampus_355,5.721361315957907e-05
Task004_Hippocampus,hippocampus_356,0.0002819718477121
Task004_Hippocampus,hippocampus_358,-0.000817267317708
Task004_Hippocampus,hippocampus_359,-0.0005132564958321
Task004_Hippocampus,hippocampus_360,-3.977763923512789e-05
Task004_Hippocampus,hippocampus_361,1.3037139973581802e-05
Task004_Hippocampus,hippocampus_363,-0.0003956996583187
Task004_Hippocampus,hippocampus_366,0.0008460208451857
Task004_Hippocampus,hippocampus_367,-0.0006989143620218
Task004_Hippocampus,hippocampus_368,-0.0007288223828052
Task004_Hippocampus,hippocampus_370,-0.000200879365803
Task004_Hippocampus,hippocampus_372,-0.0004807744227262
Task004_Hippocampus,hippocampus_373,0.0001855450291141
Task004_Hippocampus,hippocampus_374,0.0006658428405769
Task004_Hippocampus,hippocampus_375,-0.0017322288954528
Task004_Hippocampus,hippocampus_376,0.0007790216004011
Task004_Hippocampus,hippocampus_378,-0.0001940088885739
Task004_Hippocampus,hippocampus_380,-0.000239414728208
Task004_Hippocampus,hippocampus_381,-0.0006184521333285
Task004_Hippocampus,hippocampus_383,0.0004116983531177
Task004_Hippocampus,hippocampus_385,0.0009375752092937
Task004_Hippocampus,hippocampus_386,-3.0181600138901032e-05
Task004_Hippocampus,hippocampus_387,5.2966254119102274e-05
Task004_Hippocampus,hippocampus_389,0.0006551055103658
Task004_Hippocampus,hippocampus_390,-0.0002930395808805
Task004_Hippocampus,hippocampus_393,0.0004506444801047
Task004_Hippocampus,hippocampus_394,8.134768559009409e-05
Task005_Prostate,prostate_00,0.0021154875567909
Task005_Prostate,prostate_01,0.008306826202362
Task005_Prostate,prostate_02,0.015474318071204
Task005_Prostate,prostate_04,-0.0030789608531793
Task005_Prostate,prostate_06,0.0038961648346105
Task005_Prostate,prostate_07,-0.3261897869664033
Task005_Prostate,prostate_10,0.0571574792287927
Task005_Prostate,prostate_13,0.0211948861056788
Task005_Prostate,prostate_14,-0.0078467110166406
Task005_Prostate,prostate_16,0.0050936655787982
Task005_Prostate,prostate_17,0.0044461216838735
Task005_Prostate,prostate_18,-0.0013343310451025
Task005_Prostate,prostate_20,-0.0101718085570745
Task005_Prostate,prostate_21,0.167847205404981
Task005_Prostate,prostate_24,0.0085469645981145
Task005_Prostate,prostate_25,-0.010657840667876
Task005_Prostate,prostate_28,0.0092117432732143
Task005_Prostate,prostate_29,0.0152176920828779
Task005_Prostate,prostate_31,-0.0016928027437519
Task005_Prostate,prostate_32,0.0150464044744676
Task005_Prostate,prostate_34,0.0004334710082801
Task005_Prostate,prostate_35,0.0095132500488603
Task005_Prostate,prostate_37,-0.0052912146457263
Task005_Prostate,prostate_38,-0.0080224102442878
Task005_Prostate,prostate_39,0.0195324144925289
Task005_Prostate,prostate_40,-0.0062658908653085
Task005_Prostate,prostate_41,-0.0017354042171124
Task005_Prostate,prostate_42,0.0097011863186917
Task005_Prostate,prostate_43,-0.0148067352588847
Task005_Prostate,prostate_44,0.0258088162417505
Task005_Prostate,prostate_46,0.0045954814735704
Task005_Prostate,prostate_47,0.0012976791619562
Task006_Lung,lung_001,-0.0211798023390914
Task006_Lung,lung_003,-0.1619937885974203
Task006_Lung,lung_004,0.0
Task006_Lung,lung_005,-0.0133054091120941
Task006_Lung,lung_006,-0.0031013052859518
Task006_Lung,lung_009,-0.0080524293271896
Task006_Lung,lung_010,-0.0040707090816446
Task006_Lung,lung_014,-0.0067741928344361
Task006_Lung,lung_015,-0.0261499591037173
Task006_Lung,lung_016,0.016185670480133
Task006_Lung,lung_018,0.0032623104593734
Task006_Lung,lung_020,0.0428997969715018
Task006_Lung,lung_022,0.004855205624846
Task006_Lung,lung_023,0.0111365741014014
Task006_Lung,lung_025,-0.0047249050480281
Task006_Lung,lung_026,-0.0062487707877769
Task006_Lung,lung_027,-0.0059933381676184
Task006_Lung,lung_028,0.0051297606273102
Task006_Lung,lung_029,0.0009450815858539
Task006_Lung,lung_031,0.0129062930776741
Task006_Lung,lung_033,0.0223665091858283
Task006_Lung,lung_034,0.0004794941209986
Task006_Lung,lung_036,0.0
Task006_Lung,lung_037,0.1441892449456746
Task006_Lung,lung_038,0.0057754898449566
Task006_Lung,lung_041,0.000377670667481
Task006_Lung,lung_042,0.0318480013288647
Task006_Lung,lung_043,0.0325164980714849
Task006_Lung,lung_044,0.016092216709576
Task006_Lung,lung_045,-0.0006134336539378
Task006_Lung,lung_046,0.0003075948185967
Task006_Lung,lung_047,0.0173152010859688
Task006_Lung,lung_048,0.0070626031466607
Task006_Lung,lung_049,-0.0114803215224303
Task006_Lung,lung_051,0.0034850311543102
Task006_Lung,lung_053,0.0948327490841127
Task006_Lung,lung_054,0.0106985630998528
Task006_Lung,lung_055,0.0044641827076324
Task006_Lung,lung_057,0.0114573953562832
Task006_Lung,lung_058,-0.01173097875043
Task006_Lung,lung_059,-0.1609232207755548
Task006_Lung,lung_061,-0.0277838364817463
Task006_Lung,lung_062,-0.0009778830169563
Task006_Lung,lung_064,-0.0094475363330648
Task006_Lung,lung_065,0.0011783951780074
Task006_Lung,lung_066,-0.0008988487323258
Task006_Lung,lung_069,0.0653194927646737
Task006_Lung,lung_070,-0.0474459339146862
Task006_Lung,lung_071,-0.0041942379896765
Task006_Lung,lung_073,0.0005994821816988
Task006_Lung,lung_074,-0.018325438940594
Task006_Lung,lung_075,0.0084001886218064
Task006_Lung,lung_078,-0.0019416224736785
Task006_Lung,lung_079,0.1667621171931517
Task006_Lung,lung_080,0.0
Task006_Lung,lung_081,0.0153475563593303
Task006_Lung,lung_083,0.0296835773906832
Task006_Lung,lung_084,0.0316318414993365
Task006_Lung,lung_086,0.0017058195755736
Task006_Lung,lung_092,-0.0014813876589804
Task006_Lung,lung_093,0.0120934754159656
Task006_Lung,lung_095,0.0158125460629268
Task006_Lung,lung_096,0.0
Task007_Pancreas,pancreas_001,0.0485269489571845
Task007_Pancreas,pancreas_004,0.0196619578219829
Task007_Pancreas,pancreas_005,0.0013695661238865
Task007_Pancreas,pancreas_006,0.0049490628637699
Task007_Pancreas,pancreas_010,0.0069064500308452
Task007_Pancreas,pancreas_012,0.004187066083774
Task007_Pancreas,pancreas_015,0.0252205294680899
Task007_Pancreas,pancreas_016,0.0244921112636048
Task007_Pancreas,pancreas_018,0.0088023959647678
Task007_Pancreas,pancreas_019,-0.0768865928423148
Task007_Pancreas,pancreas_021,0.0297822712110205
Task007_Pancreas,pancreas_024,0.0107708166368027
Task007_Pancreas,pancreas_025,-0.0293095869796954
Task007_Pancreas,pancreas_028,0.0063667797896509
Task007_Pancreas,pancreas_029,0.1442841833639995
Task007_Pancreas,pancreas_032,0.0181780396432134
Task007_Pancreas,pancreas_035,-0.002198729945238
Task007_Pancreas,pancreas_037,0.0023330987731717
Task007_Pancreas,pancreas_040,0.0032642814185985
Task007_Pancreas,pancreas_041,0.0032789577784865
Task007_Pancreas,pancreas_042,0.0013679612668426
Task007_Pancreas,pancreas_043,0.0013797219079153
Task007_Pancreas,pancreas_045,-0.0063521733133421
Task007_Pancreas,pancreas_046,0.0076280143957083
Task007_Pancreas,pancreas_048,0.0060451772724404
Task007_Pancreas,pancreas_049,0.023740848397903
Task007_Pancreas,pancreas_050,0.0022768231805594
Task007_Pancreas,pancreas_051,-6.067370718593201e-05
Task007_Pancreas,pancreas_052,0.0118500856084829
Task007_Pancreas,pancreas_055,0.0006654078353343
Task007_Pancreas,pancreas_056,0.1790144478287785
Task007_Pancreas,pancreas_058,0.0001436457094247
Task007_Pancreas,pancreas_061,-0.0018262333270906
Task007_Pancreas,pancreas_064,0.0053815341347109
Task007_Pancreas,pancreas_066,0.002492466255475
Task007_Pancreas,pancreas_067,-0.0063150053801221
Task007_Pancreas,pancreas_069,-0.0007309357434086
Task007_Pancreas,pancreas_070,-0.0010193026009904
Task007_Pancreas,pancreas_071,-0.0045657407226512
Task007_Pancreas,pancreas_074,-0.0019625291484263
Task007_Pancreas,pancreas_075,0.0018167403175312
Task007_Pancreas,pancreas_077,0.0036925975984825
Task007_Pancreas,pancreas_078,0.0023949077792184
Task007_Pancreas,pancreas_080,4.074195032899297e-06
Task007_Pancreas,pancreas_081,-0.0008112517875861
Task007_Pancreas,pancreas_083,0.0054642247576256
Task007_Pancreas,pancreas_084,-0.0014394949341522
Task007_Pancreas,pancreas_086,0.0873757793270226
Task007_Pancreas,pancreas_087,0.0086904128885006
Task007_Pancreas,pancreas_088,0.0029628400249049
Task007_Pancreas,pancreas_089,-0.0007575433734904
Task007_Pancreas,pancreas_091,0.0045728992403083
Task007_Pancreas,pancreas_092,0.0007189550445151
Task007_Pancreas,pancreas_093,0.0014177644760386
Task007_Pancreas,pancreas_094,0.0051329154162884
Task007_Pancreas,pancreas_095,0.0111607499534124
Task007_Pancreas,pancreas_096,-0.0013529900868909
Task007_Pancreas,pancreas_098,-0.000741636225346
Task007_Pancreas,pancreas_099,0.0047472368979135
Task007_Pancreas,pancreas_100,-0.0033227905571718
Task007_Pancreas,pancreas_101,-0.0001459579936453
Task007_Pancreas,pancreas_102,0.0006631468504535
Task007_Pancreas,pancreas_103,0.0030622969030345
Task007_Pancreas,pancreas_104,0.0011770108747787
Task007_Pancreas,pancreas_105,-0.0644909071110491
Task007_Pancreas,pancreas_106,-0.0052792715519867
Task007_Pancreas,pancreas_107,0.0024513426046763
Task007_Pancreas,pancreas_109,0.0323446065687476
Task007_Pancreas,pancreas_110,0.0042068052881347
Task007_Pancreas,pancreas_111,0.0025874052695258
Task007_Pancreas,pancreas_113,0.0012603795406761
Task007_Pancreas,pancreas_114,1.0469732484419405e-05
Task007_Pancreas,pancreas_117,-0.0048239620923825
Task007_Pancreas,pancreas_119,0.131649479479911
Task007_Pancreas,pancreas_120,-0.1031752695107871
Task007_Pancreas,pancreas_122,0.003309952678855
Task007_Pancreas,pancreas_124,2.264926474226936e-05
Task007_Pancreas,pancreas_125,0.0016251252048814
Task007_Pancreas,pancreas_126,0.0543291079136717
Task007_Pancreas,pancreas_127,0.0008220489215204
Task007_Pancreas,pancreas_129,0.0150035265010602
Task007_Pancreas,pancreas_130,0.0620240386540461
Task007_Pancreas,pancreas_131,0.000137123929591
Task007_Pancreas,pancreas_135,0.0044320434038702
Task007_Pancreas,pancreas_137,-0.0001768096382475
Task007_Pancreas,pancreas_138,0.0063357489938487
Task007_Pancreas,pancreas_140,0.0004367984753763
Task007_Pancreas,pancreas_145,-0.0020721308368208
Task007_Pancreas,pancreas_147,-0.0254800563138504
Task007_Pancreas,pancreas_148,0.0006547849723448
Task007_Pancreas,pancreas_149,0.0027948216148363
Task007_Pancreas,pancreas_155,0.0014197520778792
Task007_Pancreas,pancreas_157,0.001378443079172
Task007_Pancreas,pancreas_158,-0.0064989249950562
Task007_Pancreas,pancreas_159,0.0067110987071729
Task007_Pancreas,pancreas_160,0.0043411177787429
Task007_Pancreas,pancreas_165,0.0017870523868169
Task007_Pancreas,pancreas_166,0.0071720826123939
Task007_Pancreas,pancreas_167,-0.0232393764026177
Task007_Pancreas,pancreas_169,-0.0328813907108945
Task007_Pancreas,pancreas_170,0.0061595408959059
Task007_Pancreas,pancreas_172,-0.0051682557777019
Task007_Pancreas,pancreas_173,-0.0031023640300517
Task007_Pancreas,pancreas_175,0.0220190216673435
Task007_Pancreas,pancreas_178,0.0061477902031831
Task007_Pancreas,pancreas_179,-0.0015350444476405
Task007_Pancreas,pancreas_180,-0.000243356549058
Task007_Pancreas,pancreas_181,0.0029491868163784
Task007_Pancreas,pancreas_182,-0.0011190672324952
Task007_Pancreas,pancreas_183,0.0224111226512426
Task007_Pancreas,pancreas_186,-0.0097935706912626
Task007_Pancreas,pancreas_187,-0.0043567564930546
Task007_Pancreas,pancreas_191,-0.0002713319910173
Task007_Pancreas,pancreas_193,-0.0031390754784005
Task007_Pancreas,pancreas_194,0.0360230272602037
Task007_Pancreas,pancreas_196,0.0045434495903751
Task007_Pancreas,pancreas_197,-0.0023941973356195
Task007_Pancreas,pancreas_198,-0.0026629901853407
Task007_Pancreas,pancreas_199,-0.0017014835606603
Task007_Pancreas,pancreas_200,-0.0017828623510449
Task007_Pancreas,pancreas_201,-0.0064939593077142
Task007_Pancreas,pancreas_203,-0.0083670824441303
Task007_Pancreas,pancreas_204,-0.0132505179948421
Task007_Pancreas,pancreas_207,0.0045126205475988
Task007_Pancreas,pancreas_209,0.0059607238395178
Task007_Pancreas,pancreas_210,-0.0064192060236876
Task007_Pancreas,pancreas_211,0.0078381466076878
Task007_Pancreas,pancreas_212,-0.0034653195190352
Task007_Pancreas,pancreas_213,-0.0002826124460398
Task007_Pancreas,pancreas_214,0.0006642148100112
Task007_Pancreas,pancreas_215,0.0655002797252195
Task007_Pancreas,pancreas_217,0.0014111435458189
Task007_Pancreas,pancreas_218,-0.0220499191489467
Task007_Pancreas,pancreas_219,0.0890637923983108
Task007_Pancreas,pancreas_222,-0.0012792211247139
Task007_Pancreas,pancreas_224,0.1289822484731039
Task007_Pancreas,pancreas_225,-0.0316373456338778
Task007_Pancreas,pancreas_226,-0.0034006417830054
Task007_Pancreas,pancreas_227,-0.0006868094513673
Task007_Pancreas,pancreas_228,0.0144942515804417
Task007_Pancreas,pancreas_229,-0.0035864069762264
Task007_Pancreas,pancreas_230,-0.0123941140899763
Task007_Pancreas,pancreas_231,0.0006057984419879
Task007_Pancreas,pancreas_234,0.006444217286312
Task007_Pancreas,pancreas_235,0.0060145939787481
Task007_Pancreas,pancreas_236,-0.0012189607526755
Task007_Pancreas,pancreas_239,0.0052664992098997
Task007_Pancreas,pancreas_241,0.0206107392808935
Task007_Pancreas,pancreas_242,0.0002389256123007
Task007_Pancreas,pancreas_243,-0.0040154445817293
Task007_Pancreas,pancreas_244,-0.0064803417800989
Task007_Pancreas,pancreas_246,-0.015598567987734
Task007_Pancreas,pancreas_247,-0.0046891147079026
Task007_Pancreas,pancreas_249,0.0214109664007564
Task007_Pancreas,pancreas_253,0.0016464595940843
Task007_Pancreas,pancreas_254,-0.0024879325256317
Task007_Pancreas,pancreas_255,7.92553382013006e-05
Task007_Pancreas,pancreas_256,0.0372213635156291
Task007_Pancreas,pancreas_258,-0.0027017671826468
Task007_Pancreas,pancreas_259,-0.0012448830912074
Task007_Pancreas,pancreas_261,0.0011711821378586
Task007_Pancreas,pancreas_262,0.1224372860087732
Task007_Pancreas,pancreas_264,0.0040862661910561
Task007_Pancreas,pancreas_265,-0.0078292376648126
Task007_Pancreas,pancreas_266,0.0177556194480309
Task007_Pancreas,pancreas_267,0.0008900703693111
Task007_Pancreas,pancreas_268,-0.0015830737585675
Task007_Pancreas,pancreas_269,0.1328709116190699
Task007_Pancreas,pancreas_270,0.1017393744534922
Task007_Pancreas,pancreas_274,0.0145823576135957
Task007_Pancreas,pancreas_275,0.0016805964697117
Task007_Pancreas,pancreas_276,0.0040859526321681
Task007_Pancreas,pancreas_277,0.0010336250690342
Task007_Pancreas,pancreas_278,0.0829583512635515
Task007_Pancreas,pancreas_279,0.0365084075472692
Task007_Pancreas,pancreas_280,-0.0023563510889687
Task007_Pancreas,pancreas_283,-0.0156706514978119
Task007_Pancreas,pancreas_284,0.0013789210752502
Task007_Pancreas,pancreas_285,-0.0145507221745035
Task007_Pancreas,pancreas_286,-0.0192757546625704
Task007_Pancreas,pancreas_287,0.0001632331472459
Task007_Pancreas,pancreas_289,-5.686369008084391e-05
Task007_Pancreas,pancreas_290,-0.0012358622137663
Task007_Pancreas,pancreas_291,0.001993396673236
Task007_Pancreas,pancreas_292,-0.0038019247170566
Task007_Pancreas,pancreas_293,-0.0010001271266152
Task007_Pancreas,pancreas_294,0.0015623937554958
Task007_Pancreas,pancreas_295,0.0075355226435324
Task007_Pancreas,pancreas_296,-0.0027839118264985
Task007_Pancreas,pancreas_297,-0.0035092792092241
Task007_Pancreas,pancreas_298,-0.0047276655964907
Task007_Pancreas,pancreas_299,0.0049845246659292
Task007_Pancreas,pancreas_300,0.0211275685404099
Task007_Pancreas,pancreas_301,0.1598647184078763
Task007_Pancreas,pancreas_302,0.0032674405801345
Task007_Pancreas,pancreas_303,0.0063223425247026
Task007_Pancreas,pancreas_304,0.0042321555076159
Task007_Pancreas,pancreas_305,-0.1104507714499235
Task007_Pancreas,pancreas_308,-0.0045392163078421
Task007_Pancreas,pancreas_309,-0.0024943032687533
Task007_Pancreas,pancreas_310,0.0945877867326324
Task007_Pancreas,pancreas_311,-0.0061412148894535
Task007_Pancreas,pancreas_312,0.0097530973050363
Task007_Pancreas,pancreas_313,0.1016821100345158
Task007_Pancreas,pancreas_315,-0.0046224724859189
Task007_Pancreas,pancreas_316,0.0294011336454504
Task007_Pancreas,pancreas_318,-0.0013763325672024
Task007_Pancreas,pancreas_320,-0.0040738399020254
Task007_Pancreas,pancreas_321,0.0110960583082033
Task007_Pancreas,pancreas_323,-0.0113932519839295
Task007_Pancreas,pancreas_325,-0.0013525170909582
Task007_Pancreas,pancreas_326,-0.0132597021913833
Task007_Pancreas,pancreas_327,-0.0060259420203306
Task007_Pancreas,pancreas_328,0.0326096769818561
Task007_Pancreas,pancreas_329,0.0103915161332314
Task007_Pancreas,pancreas_330,0.0077995287012723
Task007_Pancreas,pancreas_331,-0.0018634344212773
Task007_Pancreas,pancreas_333,0.0284452058137663
Task007_Pancreas,pancreas_334,0.117072557771518
Task007_Pancreas,pancreas_336,-0.0030174289990602
Task007_Pancreas,pancreas_339,-0.0043441161235922
Task007_Pancreas,pancreas_342,0.0790208458749875
Task007_Pancreas,pancreas_343,-0.0238387506644353
Task007_Pancreas,pancreas_344,0.0224041486186585
Task007_Pancreas,pancreas_345,-0.0027131653972561
Task007_Pancreas,pancreas_346,0.0132011358960117
Task007_Pancreas,pancreas_347,0.0021061178365174
Task007_Pancreas,pancreas_348,-0.0167928886887125
Task007_Pancreas,pancreas_350,0.0009433061038404
Task007_Pancreas,pancreas_351,-0.0033959157061419
Task007_Pancreas,pancreas_354,-0.0001254767374979
Task007_Pancreas,pancreas_355,0.0173877007426672
Task007_Pancreas,pancreas_356,0.0207094655115882
Task007_Pancreas,pancreas_357,0.0084762770857087
Task007_Pancreas,pancreas_358,-0.0001320745881865
Task007_Pancreas,pancreas_360,-0.0177618648036748
Task007_Pancreas,pancreas_361,0.2226825280450409
Task007_Pancreas,pancreas_362,0.0028507311891212
Task007_Pancreas,pancreas_364,0.0041871186126924
Task007_Pancreas,pancreas_365,-0.0022012291058637
Task007_Pancreas,pancreas_366,0.003550471677076
Task007_Pancreas,pancreas_367,0.0015879969715405
Task007_Pancreas,pancreas_369,-0.000113206568839
Task007_Pancreas,pancreas_370,0.0662120004420931
Task007_Pancreas,pancreas_372,0.0522262609813721
Task007_Pancreas,pancreas_374,0.028143532754163
Task007_Pancreas,pancreas_375,0.0096205650918799
Task007_Pancreas,pancreas_376,-0.0064415570374074
Task007_Pancreas,pancreas_377,0.0081999050441923
Task007_Pancreas,pancreas_378,-0.0781919251588687
Task007_Pancreas,pancreas_379,0.0015490271526656
Task007_Pancreas,pancreas_380,-0.0004449384678307
Task007_Pancreas,pancreas_382,0.0003256730556553
Task007_Pancreas,pancreas_385,-0.0365715745247057
Task007_Pancreas,pancreas_386,0.00147809755486
Task007_Pancreas,pancreas_387,0.034772839984701
Task007_Pancreas,pancreas_388,0.0903249065754701
Task007_Pancreas,pancreas_389,-0.0018561671058021
Task007_Pancreas,pancreas_391,0.0703240145607471
Task007_Pancreas,pancreas_392,-0.0011842206283274
Task007_Pancreas,pancreas_393,0.0051019763975457
Task007_Pancreas,pancreas_395,-0.0023463468920934
Task007_Pancreas,pancreas_398,-0.0052975306324409
Task007_Pancreas,pancreas_399,0.0073002903082862
Task007_Pancreas,pancreas_400,0.0741335152308538
Task007_Pancreas,pancreas_401,0.0038679206698124
Task007_Pancreas,pancreas_402,0.0428985181617135
Task007_Pancreas,pancreas_404,0.0042380141784155
Task007_Pancreas,pancreas_405,0.0001583341593022
Task007_Pancreas,pancreas_406,-0.0745052769956186
Task007_Pancreas,pancreas_409,0.2353645407482676
Task007_Pancreas,pancreas_410,0.0946595040212311
Task007_Pancreas,pancreas_411,0.0432323722213906
Task007_Pancreas,pancreas_412,-0.0006903429385884
Task007_Pancreas,pancreas_413,0.0871880082283509
Task007_Pancreas,pancreas_414,-0.0031177068597446
Task007_Pancreas,pancreas_415,0.0073227395898158
Task007_Pancreas,pancreas_416,0.1288485155897593
Task007_Pancreas,pancreas_418,-0.0020312376917107
Task007_Pancreas,pancreas_419,0.0787824064766111
Task007_Pancreas,pancreas_421,0.0396695518816575
Task008_HepaticVessel,hepaticvessel_001,0.0036826406447537
Task008_HepaticVessel,hepaticvessel_002,0.0111498067005276
Task008_HepaticVessel,hepaticvessel_004,0.0044388916006605
Task008_HepaticVessel,hepaticvessel_005,0.0756605491530258
Task008_HepaticVessel,hepaticvessel_007,-0.0003435746753878
Task008_HepaticVessel,hepaticvessel_008,0.0104542391564712
Task008_HepaticVessel,hepaticvessel_010,-0.0071583893802844
Task008_HepaticVessel,hepaticvessel_011,-0.0019144425379064
Task008_HepaticVessel,hepaticvessel_013,0.0076180388285391
Task008_HepaticVessel,hepaticvessel_016,0.0214191266226388
Task008_HepaticVessel,hepaticvessel_018,0.0179727970361081
Task008_HepaticVessel,hepaticvessel_019,0.0115030845551151
Task008_HepaticVessel,hepaticvessel_020,0.0040842271393688
Task008_HepaticVessel,hepaticvessel_022,0.008557380381764
Task008_HepaticVessel,hepaticvessel_023,0.0116421625484237
Task008_HepaticVessel,hepaticvessel_025,-0.000192810365621
Task008_HepaticVessel,hepaticvessel_026,-0.058713789817395
Task008_HepaticVessel,hepaticvessel_027,0.0090917434204814
Task008_HepaticVessel,hepaticvessel_028,-0.0005923929830575
Task008_HepaticVessel,hepaticvessel_029,0.0094852366853321
Task008_HepaticVessel,hepaticvessel_030,0.0239540258828416
Task008_HepaticVessel,hepaticvessel_031,0.0024924331843094
Task008_HepaticVessel,hepaticvessel_032,0.0010983169490049
Task008_HepaticVessel,hepaticvessel_033,-0.0152113011875396
Task008_HepaticVessel,hepaticvessel_039,-0.0165315962975564
Task008_HepaticVessel,hepaticvessel_040,-0.0095769304474746
Task008_HepaticVessel,hepaticvessel_042,0.0052699674892483
Task008_HepaticVessel,hepaticvessel_044,0.0522276699693049
Task008_HepaticVessel,hepaticvessel_046,-0.001558354909252
Task008_HepaticVessel,hepaticvessel_049,0.0061399766337124
Task008_HepaticVessel,hepaticvessel_050,-0.0045949857209518
Task008_HepaticVessel,hepaticvessel_051,0.0137535221261009
Task008_HepaticVessel,hepaticvessel_052,-0.0081527818178769
Task008_HepaticVessel,hepaticvessel_053,0.0494112978205555
Task008_HepaticVessel,hepaticvessel_057,0.0165208635622073
Task008_HepaticVessel,hepaticvessel_058,-0.0070338737522535
Task008_HepaticVessel,hepaticvessel_059,0.0028042804306003
Task008_HepaticVessel,hepaticvessel_061,0.006440366129547
Task008_HepaticVessel,hepaticvessel_062,0.1830913199474117
Task008_HepaticVessel,hepaticvessel_065,-8.496004023905712e-05
Task008_HepaticVessel,hepaticvessel_066,0.0009877639555948
Task008_HepaticVessel,hepaticvessel_067,0.0033311979337581
Task008_HepaticVessel,hepaticvessel_068,0.0035811365993343
Task008_HepaticVessel,hepaticvessel_070,0.0065814185773763
Task008_HepaticVessel,hepaticvessel_071,0.0047319063444672
Task008_HepaticVessel,hepaticvessel_072,0.0290384942084462
Task008_HepaticVessel,hepaticvessel_075,-0.0002274795743775
Task008_HepaticVessel,hepaticvessel_077,-0.0035594629974613
Task008_HepaticVessel,hepaticvessel_078,-0.0104812197030315
Task008_HepaticVessel,hepaticvessel_079,0.0041155770439701
Task008_HepaticVessel,hepaticvessel_080,0.0003381987373114
Task008_HepaticVessel,hepaticvessel_081,0.0154525439889635
Task008_HepaticVessel,hepaticvessel_082,-0.0093673526643616
Task008_HepaticVessel,hepaticvessel_083,-0.0010916041077829
Task008_HepaticVessel,hepaticvessel_084,0.0167546582776118
Task008_HepaticVessel,hepaticvessel_085,-0.0172326731842102
Task008_HepaticVessel,hepaticvessel_086,0.0245389799557653
Task008_HepaticVessel,hepaticvessel_087,0.00557384812191
Task008_HepaticVessel,hepaticvessel_088,0.0095555753221735
Task008_HepaticVessel,hepaticvessel_089,-0.0025303578046025
Task008_HepaticVessel,hepaticvessel_090,0.0147784207862704
Task008_HepaticVessel,hepaticvessel_091,0.0469861405893433
Task008_HepaticVessel,hepaticvessel_092,0.0092354849580009
Task008_HepaticVessel,hepaticvessel_093,0.0045838712628899
Task008_HepaticVessel,hepaticvessel_094,-0.0069055265538181
Task008_HepaticVessel,hepaticvessel_096,0.0049623941661213
Task008_HepaticVessel,hepaticvessel_097,-0.0114860671646745
Task008_HepaticVessel,hepaticvessel_098,0.0041823489358611
Task008_HepaticVessel,hepaticvessel_100,0.1346838361145026
Task008_HepaticVessel,hepaticvessel_102,-0.0009691148756401
Task008_HepaticVessel,hepaticvessel_103,-0.0152321207881427
Task008_HepaticVessel,hepaticvessel_104,-0.0023751540148471
Task008_HepaticVessel,hepaticvessel_108,0.0040372137531564
Task008_HepaticVessel,hepaticvessel_110,-0.0030957669000405
Task008_HepaticVessel,hepaticvessel_111,0.0510472032156774
Task008_HepaticVessel,hepaticvessel_112,0.0008326096815002
Task008_HepaticVessel,hepaticvessel_113,0.004036583206271
Task008_HepaticVessel,hepaticvessel_115,0.0377565653296189
Task008_HepaticVessel,hepaticvessel_116,0.0014077922443591
Task008_HepaticVessel,hepaticvessel_117,-0.0103483249781139
Task008_HepaticVessel,hepaticvessel_119,-0.0040853128225996
Task008_HepaticVessel,hepaticvessel_121,-0.0066481819748152
Task008_HepaticVessel,hepaticvessel_123,-0.0611650187728041
Task008_HepaticVessel,hepaticvessel_124,-0.0147983078780109
Task008_HepaticVessel,hepaticvessel_125,-0.0056019040051248
Task008_HepaticVessel,hepaticvessel_127,-0.006132292641849
Task008_HepaticVessel,hepaticvessel_128,-0.0024742118679278
Task008_HepaticVessel,hepaticvessel_129,-0.0017406445620709
Task008_HepaticVessel,hepaticvessel_131,-0.0018205221746344
Task008_HepaticVessel,hepaticvessel_132,-0.0084520851278865
Task008_HepaticVessel,hepaticvessel_133,-0.0014125940422851
Task008_HepaticVessel,hepaticvessel_136,-0.0049876374555877
Task008_HepaticVessel,hepaticvessel_137,0.0001760274160201
Task008_HepaticVessel,hepaticvessel_138,-0.0119149891223067
Task008_HepaticVessel,hepaticvessel_139,-0.007569483816522
Task008_HepaticVessel,hepaticvessel_140,-0.0090174769525759
Task008_HepaticVessel,hepaticvessel_141,0.0040600524135079
Task008_HepaticVessel,hepaticvessel_142,0.1084577221609207
Task008_HepaticVessel,hepaticvessel_144,-0.013148898539208
Task008_HepaticVessel,hepaticvessel_145,0.0007474712077659
Task008_HepaticVessel,hepaticvessel_146,-0.0295269858655445
Task008_HepaticVessel,hepaticvessel_147,-0.0075116906575025
Task008_HepaticVessel,hepaticvessel_148,-0.0097343563746615
Task008_HepaticVessel,hepaticvessel_150,-0.0023536856775523
Task008_HepaticVessel,hepaticvessel_151,0.0050082404922572
Task008_HepaticVessel,hepaticvessel_154,-0.0018622833722261
Task008_HepaticVessel,hepaticvessel_157,0.0037705667013757
Task008_HepaticVessel,hepaticvessel_158,0.0041846018413513
Task008_HepaticVessel,hepaticvessel_159,0.0266636758820747
Task008_HepaticVessel,hepaticvessel_160,0.0111787929900835
Task008_HepaticVessel,hepaticvessel_161,0.0246574413107335
Task008_HepaticVessel,hepaticvessel_163,0.0039333194083657
Task008_HepaticVessel,hepaticvessel_164,-0.0048134454579018
Task008_HepaticVessel,hepaticvessel_165,0.0147295096981856
Task008_HepaticVessel,hepaticvessel_166,-0.0023788611185088
Task008_HepaticVessel,hepaticvessel_167,0.0155181632558244
Task008_HepaticVessel,hepaticvessel_171,0.0195031557524496
Task008_HepaticVessel,hepaticvessel_172,0.0391902355165189
Task008_HepaticVessel,hepaticvessel_173,0.026432989368651
Task008_HepaticVessel,hepaticvessel_174,0.0058331980308469
Task008_HepaticVessel,hepaticvessel_175,-0.0063504102449029
Task008_HepaticVessel,hepaticvessel_177,-0.0010497512893259
Task008_HepaticVessel,hepaticvessel_178,-0.0122076139811104
Task008_HepaticVessel,hepaticvessel_179,-0.0028443588295996
Task008_HepaticVessel,hepaticvessel_181,0.018985613408029
Task008_HepaticVessel,hepaticvessel_183,-0.001669611079303
Task008_HepaticVessel,hepaticvessel_184,-0.0035428701254166
Task008_HepaticVessel,hepaticvessel_185,0.0099481045421401
Task008_HepaticVessel,hepaticvessel_186,0.0072116620387719
Task008_HepaticVessel,hepaticvessel_189,0.0082585738629611
Task008_HepaticVessel,hepaticvessel_192,-0.0388881470466085
Task008_HepaticVessel,hepaticvessel_193,-0.0148632206011773
Task008_HepaticVessel,hepaticvessel_194,-0.0046518002282862
Task008_HepaticVessel,hepaticvessel_195,0.028132268397605
Task008_HepaticVessel,hepaticvessel_196,0.020329866242903
Task008_HepaticVessel,hepaticvessel_197,-0.0297796778244952
Task008_HepaticVessel,hepaticvessel_198,0.0086456605151066
Task008_HepaticVessel,hepaticvessel_199,0.0109276844330494
Task008_HepaticVessel,hepaticvessel_200,0.0187052914550385
Task008_HepaticVessel,hepaticvessel_201,0.002057466794354
Task008_HepaticVessel,hepaticvessel_203,0.0232548508096468
Task008_HepaticVessel,hepaticvessel_206,0.017069889754456
Task008_HepaticVessel,hepaticvessel_207,0.0191725917966659
Task008_HepaticVessel,hepaticvessel_208,0.0053463970626903
Task008_HepaticVessel,hepaticvessel_209,0.0092203391599834
Task008_HepaticVessel,hepaticvessel_210,0.0356535956085155
Task008_HepaticVessel,hepaticvessel_211,0.0105718345820832
Task008_HepaticVessel,hepaticvessel_213,0.0519295652215382
Task008_HepaticVessel,hepaticvessel_214,0.0118375283283155
Task008_HepaticVessel,hepaticvessel_215,0.0142695431091929
Task008_HepaticVessel,hepaticvessel_217,0.0042398214179898
Task008_HepaticVessel,hepaticvessel_218,0.0079170477348525
Task008_HepaticVessel,hepaticvessel_219,0.0202090133225822
Task008_HepaticVessel,hepaticvessel_221,-0.0122627707374782
Task008_HepaticVessel,hepaticvessel_222,0.0031619724772592
Task008_HepaticVessel,hepaticvessel_223,0.0326884684199261
Task008_HepaticVessel,hepaticvessel_224,-0.0002137461648767
Task008_HepaticVessel,hepaticvessel_225,-0.0148686721973476
Task008_HepaticVessel,hepaticvessel_227,-0.0050824292416208
Task008_HepaticVessel,hepaticvessel_229,-0.004111571347267
Task008_HepaticVessel,hepaticvessel_230,0.0050394750927857
Task008_HepaticVessel,hepaticvessel_231,0.0113048399185239
Task008_HepaticVessel,hepaticvessel_233,-0.0011986748574462
Task008_HepaticVessel,hepaticvessel_234,0.0054839940110347
Task008_HepaticVessel,hepaticvessel_235,-0.0198353024252707
Task008_HepaticVessel,hepaticvessel_236,0.004693344231791
Task008_HepaticVessel,hepaticvessel_237,0.0237842288029095
Task008_HepaticVessel,hepaticvessel_238,0.0027547671233743
Task008_HepaticVessel,hepaticvessel_240,-0.0004750004273355
Task008_HepaticVessel,hepaticvessel_242,0.0061020435303067
Task008_HepaticVessel,hepaticvessel_244,0.037889888907503
Task008_HepaticVessel,hepaticvessel_245,-0.0884777682176884
Task008_HepaticVessel,hepaticvessel_246,-0.0028257843716341
Task008_HepaticVessel,hepaticvessel_248,-0.0181574167498138
Task008_HepaticVessel,hepaticvessel_255,0.0219121220331335
Task008_HepaticVessel,hepaticvessel_256,0.0283529446955943
Task008_HepaticVessel,hepaticvessel_258,0.0129433326924359
Task008_HepaticVessel,hepaticvessel_259,-0.0319756400499205
Task008_HepaticVessel,hepaticvessel_262,0.017017376049871
Task008_HepaticVessel,hepaticvessel_263,-0.0106437605192448
Task008_HepaticVessel,hepaticvessel_265,-0.0256922423023802
Task008_HepaticVessel,hepaticvessel_266,-0.0204371173862163
Task008_HepaticVessel,hepaticvessel_268,-0.01587716091225
Task008_HepaticVessel,hepaticvessel_269,-0.0085467262596908
Task008_HepaticVessel,hepaticvessel_270,-0.0106103411113556
Task008_HepaticVessel,hepaticvessel_271,-0.0058706411771691
Task008_HepaticVessel,hepaticvessel_272,0.0060070978335717
Task008_HepaticVessel,hepaticvessel_274,0.0026868515125983
Task008_HepaticVessel,hepaticvessel_275,-0.00819282264217
Task008_HepaticVessel,hepaticvessel_278,-0.0011019286258739
Task008_HepaticVessel,hepaticvessel_279,-0.0162326505384555
Task008_HepaticVessel,hepaticvessel_280,-0.0098447386789888
Task008_HepaticVessel,hepaticvessel_281,-0.0251425532126344
Task008_HepaticVessel,hepaticvessel_282,0.0039202128297204
Task008_HepaticVessel,hepaticvessel_284,0.0036725427163644
Task008_HepaticVessel,hepaticvessel_285,0.0169030872715657
Task008_HepaticVessel,hepaticvessel_286,-0.0044060513752391
Task008_HepaticVessel,hepaticvessel_287,0.1715672122464417
Task008_HepaticVessel,hepaticvessel_289,-0.0243272960618151
Task008_HepaticVessel,hepaticvessel_290,0.000764072525261
Task008_HepaticVessel,hepaticvessel_291,-0.0113041718317979
Task008_HepaticVessel,hepaticvessel_293,0.0029341303527943
Task008_HepaticVessel,hepaticvessel_294,0.0194476571861783
Task008_HepaticVessel,hepaticvessel_296,0.0112782588381314
Task008_HepaticVessel,hepaticvessel_297,0.0117041375064926
Task008_HepaticVessel,hepaticvessel_299,-0.0057994675681474
Task008_HepaticVessel,hepaticvessel_300,-0.0480622903156123
Task008_HepaticVessel,hepaticvessel_303,0.004922636087323
Task008_HepaticVessel,hepaticvessel_305,0.0001234759414959
Task008_HepaticVessel,hepaticvessel_307,-0.0005560931164834
Task008_HepaticVessel,hepaticvessel_308,-0.0898423834575244
Task008_HepaticVessel,hepaticvessel_309,0.0705731570938947
Task008_HepaticVessel,hepaticvessel_314,-0.0168695667360371
Task008_HepaticVessel,hepaticvessel_318,0.0076955035909594
Task008_HepaticVessel,hepaticvessel_319,0.0311165406615235
Task008_HepaticVessel,hepaticvessel_320,-0.0067235401198375
Task008_HepaticVessel,hepaticvessel_321,0.0242889578598271
Task008_HepaticVessel,hepaticvessel_322,0.0096670846333543
Task008_HepaticVessel,hepaticvessel_323,-0.0288171422312644
Task008_HepaticVessel,hepaticvessel_324,-0.0448114200125696
Task008_HepaticVessel,hepaticvessel_325,0.0033121887503044
Task008_HepaticVessel,hepaticvessel_327,-0.0097842747036172
Task008_HepaticVessel,hepaticvessel_329,0.0002421895540324
Task008_HepaticVessel,hepaticvessel_330,0.0201944879366502
Task008_HepaticVessel,hepaticvessel_332,0.0113766755255904
Task008_HepaticVessel,hepaticvessel_333,-0.0173971818143843
Task008_HepaticVessel,hepaticvessel_335,-0.0050040105996549
Task008_HepaticVessel,hepaticvessel_336,0.0107872874326615
Task008_HepaticVessel,hepaticvessel_338,-0.0019746511892951
Task008_HepaticVessel,hepaticvessel_340,-0.0014819557748094
Task008_HepaticVessel,hepaticvessel_341,-0.0199057061179243
Task008_HepaticVessel,hepaticvessel_344,0.0168657270616415
Task008_HepaticVessel,hepaticvessel_345,0.0284309027389448
Task008_HepaticVessel,hepaticvessel_348,0.0005432783660962
Task008_HepaticVessel,hepaticvessel_349,-0.0161141488838371
Task008_HepaticVessel,hepaticvessel_350,-0.0028737605244658
Task008_HepaticVessel,hepaticvessel_353,-0.0030942893622502
Task008_HepaticVessel,hepaticvessel_356,0.0027771904132796
Task008_HepaticVessel,hepaticvessel_358,-0.0010360761140337
Task008_HepaticVessel,hepaticvessel_359,0.0184512967252215
Task008_HepaticVessel,hepaticvessel_361,-0.0127999139908503
Task008_HepaticVessel,hepaticvessel_362,-0.0119278282241528
Task008_HepaticVessel,hepaticvessel_363,0.0241477854272753
Task008_HepaticVessel,hepaticvessel_367,0.0034580203912392
Task008_HepaticVessel,hepaticvessel_368,-0.007961420921589
Task008_HepaticVessel,hepaticvessel_369,-0.0009028711904333
Task008_HepaticVessel,hepaticvessel_371,0.0097971243201103
Task008_HepaticVessel,hepaticvessel_372,0.0007086140745784
Task008_HepaticVessel,hepaticvessel_373,-0.0021551113260753
Task008_HepaticVessel,hepaticvessel_374,0.0046330511584462
Task008_HepaticVessel,hepaticvessel_375,0.0018018666778194
Task008_HepaticVessel,hepaticvessel_378,-0.0047984246894889
Task008_HepaticVessel,hepaticvessel_379,-0.0037195973462526
Task008_HepaticVessel,hepaticvessel_382,0.0368244879845249
Task008_HepaticVessel,hepaticvessel_383,-0.020645769850648
Task008_HepaticVessel,hepaticvessel_384,0.004801747568806
Task008_HepaticVessel,hepaticvessel_385,0.0016660567415934
Task008_HepaticVessel,hepaticvessel_386,0.0283327294303692
Task008_HepaticVessel,hepaticvessel_388,0.0118040237366277
Task008_HepaticVessel,hepaticvessel_389,-0.0099779417753096
Task008_HepaticVessel,hepaticvessel_391,0.0011761141028967
Task008_HepaticVessel,hepaticvessel_393,0.0356250989912121
Task008_HepaticVessel,hepaticvessel_396,0.0040573346238974
Task008_HepaticVessel,hepaticvessel_397,-0.0364375869028438
Task008_HepaticVessel,hepaticvessel_398,0.0217173194081626
Task008_HepaticVessel,hepaticvessel_400,0.0074893616676035
Task008_HepaticVessel,hepaticvessel_401,0.1629578969778157
Task008_HepaticVessel,hepaticvessel_402,-0.0091447400969345
Task008_HepaticVessel,hepaticvessel_404,0.00243374486829
Task008_HepaticVessel,hepaticvessel_406,0.0214973524159738
Task008_HepaticVessel,hepaticvessel_407,-0.0143478526091725
Task008_HepaticVessel,hepaticvessel_408,0.0065405994424183
Task008_HepaticVessel,hepaticvessel_409,0.0078855031416322
Task008_HepaticVessel,hepaticvessel_411,-0.0021369471201608
Task008_HepaticVessel,hepaticvessel_412,0.0616606864939643
Task008_HepaticVessel,hepaticvessel_416,-0.0048788762911667
Task008_HepaticVessel,hepaticvessel_419,0.0399827187306681
Task008_HepaticVessel,hepaticvessel_420,0.0061059079186928
Task008_HepaticVessel,hepaticvessel_422,-0.0176683103370054
Task008_HepaticVessel,hepaticvessel_423,0.0027279200763503
Task008_HepaticVessel,hepaticvessel_424,-0.009428780405426
Task008_HepaticVessel,hepaticvessel_425,-0.0095268776456688
Task008_HepaticVessel,hepaticvessel_427,0.0106991778302132
Task008_HepaticVessel,hepaticvessel_429,-0.0013212058484057
Task008_HepaticVessel,hepaticvessel_431,-0.0099468571426767
Task008_HepaticVessel,hepaticvessel_432,0.0025021019888517
Task008_HepaticVessel,hepaticvessel_433,0.0138719189218839
Task008_HepaticVessel,hepaticvessel_434,-0.0065788748527676
Task008_HepaticVessel,hepaticvessel_437,0.0088295756866541
Task008_HepaticVessel,hepaticvessel_438,0.0091670835558678
Task008_HepaticVessel,hepaticvessel_440,-0.0236105041018793
Task008_HepaticVessel,hepaticvessel_441,0.0014835126252942
Task008_HepaticVessel,hepaticvessel_442,0.0392909880792081
Task008_HepaticVessel,hepaticvessel_443,-0.0129229733426892
Task008_HepaticVessel,hepaticvessel_444,-0.0034671442784656
Task008_HepaticVessel,hepaticvessel_445,0.0230703500443953
Task008_HepaticVessel,hepaticvessel_446,0.0182375480936961
Task008_HepaticVessel,hepaticvessel_447,-0.0022974799019268
Task008_HepaticVessel,hepaticvessel_453,0.0067185339804788
Task008_HepaticVessel,hepaticvessel_454,0.0804496687690311
Task008_HepaticVessel,hepaticvessel_455,0.0101370686063057
Task008_HepaticVessel,hepaticvessel_456,-0.0317868497905543
Task008_HepaticVessel,hepaticvessel_458,0.0196097794183678
Task009_Spleen,spleen_10,-0.0002207180121881
Task009_Spleen,spleen_12,-2.7697503695245373e-05
Task009_Spleen,spleen_13,9.420800582604638e-05
Task009_Spleen,spleen_14,-7.823213765412174e-05
Task009_Spleen,spleen_16,2.5187590666941876e-05
Task009_Spleen,spleen_17,-0.0001048826302011
Task009_Spleen,spleen_18,5.563801571684124e-05
Task009_Spleen,spleen_19,-3.2602342037280074e-05
Task009_Spleen,spleen_2,-3.1541478423768865e-05
Task009_Spleen,spleen_20,-0.0001035848324222
Task009_Spleen,spleen_21,0.0003853643868605
Task009_Spleen,spleen_22,-4.90072200651781e-05
Task009_Spleen,spleen_24,-0.0013365146996421
Task009_Spleen,spleen_25,4.359942510168136e-05
Task009_Spleen,spleen_26,-1.1535416649777195e-05
Task009_Spleen,spleen_27,-9.189885574745205e-08
Task009_Spleen,spleen_28,3.6748442615586185e-05
Task009_Spleen,spleen_29,-5.9536251683312e-05
Task009_Spleen,spleen_3,7.416376643720746e-05
Task009_Spleen,spleen_31,-5.194559985488567e-06
Task009_Spleen,spleen_32,0.0001240940491049
Task009_Spleen,spleen_33,0.0002211465604555
Task009_Spleen,spleen_38,-0.0003564004119598
Task009_Spleen,spleen_40,-0.0002644377247029
Task009_Spleen,spleen_41,-0.000153096999941
Task009_Spleen,spleen_44,0.005551075993355
Task009_Spleen,spleen_45,0.0002974401493509
Task009_Spleen,spleen_46,-0.0001026079617083
Task009_Spleen,spleen_47,-7.736731728058555e-05
Task009_Spleen,spleen_49,8.4032567559289e-05
Task009_Spleen,spleen_52,-0.0002744757170192
Task009_Spleen,spleen_53,-0.0005577050410796
Task009_Spleen,spleen_56,-0.0002610559192904
Task009_Spleen,spleen_59,-0.0001648430599393
Task009_Spleen,spleen_6,-0.00015089565636
Task009_Spleen,spleen_60,0.0001370668310746
Task009_Spleen,spleen_61,1.073016585051434e-05
Task009_Spleen,spleen_62,-0.0001090420526929
Task009_Spleen,spleen_63,0.0001672027735354
Task009_Spleen,spleen_8,-6.561179420994101e-05
Task009_Spleen,spleen_9,2.4621669088009668e-06
Task010_Colon,colon_001,0.0
Task010_Colon,colon_005,-0.0168722588127716
Task010_Colon,colon_006,-0.0239222189677998
Task010_Colon,colon_007,-0.0254162595795135
Task010_Colon,colon_008,0.0223863862683304
Task010_Colon,colon_009,-0.0021364010598073
Task010_Colon,colon_011,0.0
Task010_Colon,colon_012,0.0
Task010_Colon,colon_015,0.0
Task010_Colon,colon_022,0.0142835513706033
Task010_Colon,colon_024,0.0053871366329049
Task010_Colon,colon_025,-0.0069174453238811
Task010_Colon,colon_026,0.2480628892395481
Task010_Colon,colon_027,0.0061801281602251
Task010_Colon,colon_028,-0.0306083605766123
Task010_Colon,colon_029,0.0012861942437756
Task010_Colon,colon_030,0.0125653293593759
Task010_Colon,colon_031,0.0
Task010_Colon,colon_032,0.0039196117956324
Task010_Colon,colon_033,0.0010477482989436
Task010_Colon,colon_036,0.0
Task010_Colon,colon_038,0.1713067271367666
Task010_Colon,colon_039,-0.001068570577737
Task010_Colon,colon_040,0.0
Task010_Colon,colon_041,0.0020771239965686
Task010_Colon,colon_042,0.0
Task010_Colon,colon_045,0.002902085262903
Task010_Colon,colon_046,0.0
Task010_Colon,colon_050,0.0030526868027019
Task010_Colon,colon_051,0.0
Task010_Colon,colon_053,-0.0936786782086077
Task010_Colon,colon_054,0.0
Task010_Colon,colon_059,0.0272854080608121
Task010_Colon,colon_061,0.0
Task010_Colon,colon_064,0.0
Task010_Colon,colon_065,-0.1535683950183153
Task010_Colon,colon_066,-0.0452917850323759
Task010_Colon,colon_069,-6.456900704454593e-05
Task010_Colon,colon_072,0.0021996871877583
Task010_Colon,colon_074,-0.0046635576282478
Task010_Colon,colon_075,0.0
Task010_Colon,colon_077,-0.002717504988865
Task010_Colon,colon_078,-0.0024510172152097
Task010_Colon,colon_081,0.0027866460616121
Task010_Colon,colon_086,-0.0033655426265161
Task010_Colon,colon_088,-0.0108578526580067
Task010_Colon,colon_089,0.0
Task010_Colon,colon_091,-0.011152769367924
Task010_Colon,colon_092,-0.0171631763858612
Task010_Colon,colon_095,0.0
Task010_Colon,colon_096,-0.0575963475217086
Task010_Colon,colon_098,0.0890372900059052
Task010_Colon,colon_099,0.0003821417971729
Task010_Colon,colon_100,-0.0052528017353026
Task010_Colon,colon_102,0.0002024163825034
Task010_Colon,colon_103,0.0
Task010_Colon,colon_104,0.0
Task010_Colon,colon_106,-0.0252205706065691
Task010_Colon,colon_107,-0.4463320416603986
Task010_Colon,colon_108,0.5142331960572833
Task010_Colon,colon_111,-0.0266380301198989
Task010_Colon,colon_112,0.0011860991947334
Task010_Colon,colon_114,0.0
Task010_Colon,colon_115,0.0038262795144453
Task010_Colon,colon_117,0.0083822719106437
Task010_Colon,colon_118,0.0983353973429771
Task010_Colon,colon_119,-0.0014794900868568
Task010_Colon,colon_120,0.0
Task010_Colon,colon_122,-0.0020218987854599
Task010_Colon,colon_124,-0.0260568556786409
Task010_Colon,colon_126,0.0005867346675155
Task010_Colon,colon_127,-0.001678333672934
Task010_Colon,colon_129,0.0
Task010_Colon,colon_131,-9.597243427750255e-07
Task010_Colon,colon_133,-0.0008508215805343
Task010_Colon,colon_134,0.0
Task010_Colon,colon_136,-0.0004290955446871
Task010_Colon,colon_137,0.0007170901823932
Task010_Colon,colon_138,0.0
Task010_Colon,colon_139,-0.0109175538349213
Task010_Colon,colon_140,0.0339591037767006
Task010_Colon,colon_141,0.0
Task010_Colon,colon_142,-0.0039008081136296
Task010_Colon,colon_143,0.0061653951801396
Task010_Colon,colon_144,0.0
Task010_Colon,colon_145,-0.0112890201603025
Task010_Colon,colon_148,-0.0081718664797375
Task010_Colon,colon_149,0.0056073695309805
Task010_Colon,colon_154,-0.0104194695109481
Task010_Colon,colon_155,0.0215509284040466
Task010_Colon,colon_157,0.0030518232520936
Task010_Colon,colon_159,0.0016072682863988
Task010_Colon,colon_161,0.0
Task010_Colon,colon_162,0.0
Task010_Colon,colon_163,-0.011188975888878
Task010_Colon,colon_164,0.0
Task010_Colon,colon_165,0.0
Task010_Colon,colon_166,-0.0010973410164211
Task010_Colon,colon_168,0.0
Task010_Colon,colon_169,-0.0097177545575193
Task010_Colon,colon_171,-0.0012843257913909
Task010_Colon,colon_172,0.0039797216291295
Task010_Colon,colon_175,0.000522011268271
Task010_Colon,colon_176,0.0
Task010_Colon,colon_181,0.0
Task010_Colon,colon_185,0.0
Task010_Colon,colon_187,0.0967538611071968
Task010_Colon,colon_192,1.1633231344565507e-05
Task010_Colon,colon_193,0.0
Task010_Colon,colon_194,-0.0208144796670016
Task010_Colon,colon_196,0.0
Task010_Colon,colon_201,-0.0007540695007821
Task010_Colon,colon_202,-0.0020370936235541
Task010_Colon,colon_203,0.0061546562195812
Task010_Colon,colon_205,0.0
Task010_Colon,colon_206,0.0009053081746139
Task010_Colon,colon_207,-0.0009563043525308
Task010_Colon,colon_208,-0.0507270188558053
Task010_Colon,colon_212,0.0355029479423075
Task010_Colon,colon_213,-0.0098825550378885
Task010_Colon,colon_214,0.1286461199779857
Task010_Colon,colon_215,0.0
Task010_Colon,colon_216,-0.0041141448878103
Task010_Colon,colon_217,0.0
Task010_Colon,colon_218,-0.0816044894276786
Task010_Colon,colon_219,0.0012671927583147
Task024_PROMISE12_Test,Case00,-5.076170794771073e-05
Task024_PROMISE12_Test,Case01,0.0005472878919037
Task024_PROMISE12_Test,Case02,0.000743162852305
Task024_PROMISE12_Test,Case03,0.0012728080865966
Task024_PROMISE12_Test,Case04,-0.0001112394379046
Task024_PROMISE12_Test,Case05,0.0015644750648968
Task024_PROMISE12_Test,Case06,-0.001031488376847
Task024_PROMISE12_Test,Case07,-0.0064286931959971
Task024_PROMISE12_Test,Case08,-0.0164053802777324
Task024_PROMISE12_Test,Case09,8.541206446621707e-05
Task024_PROMISE12_Test,Case10,0.004862879615917
Task024_PROMISE12_Test,Case11,-0.0003885129449709
Task024_PROMISE12_Test,Case12,-0.0007483530306683
Task024_PROMISE12_Test,Case13,-0.0009220540489112
Task024_PROMISE12_Test,Case14,-0.0075206808552228
Task024_PROMISE12_Test,Case15,-0.0025709480640596
Task024_PROMISE12_Test,Case16,0.0022284433826014
Task024_PROMISE12_Test,Case17,0.0011688218159324
Task024_PROMISE12_Test,Case18,0.0006789325111448
Task024_PROMISE12_Test,Case19,-0.0011691495724104
Task024_PROMISE12_Test,Case20,-0.0009374941232878
Task024_PROMISE12_Test,Case21,-0.0001202007511215
Task024_PROMISE12_Test,Case22,-0.0012171780627685
Task024_PROMISE12_Test,Case23,-7.593831908181414e-06
Task024_PROMISE12_Test,Case24,-0.0027779585829001
Task024_PROMISE12_Test,Case25,-0.0004111003142081
Task024_PROMISE12_Test,Case26,-0.0016423814379081
Task024_PROMISE12_Test,Case27,0.0085051223101405
Task024_PROMISE12_Test,Case28,0.0004563117197852
Task024_PROMISE12_Test,Case29,-0.0023029422336884
Task027_ACDC,patient001_frame01,-0.0002173322436633
Task027_ACDC,patient001_frame12,-0.0005859895299441
Task027_ACDC,patient002_frame01,-0.0012993274911723
Task027_ACDC,patient002_frame12,-0.0025881068875267
Task027_ACDC,patient003_frame01,0.0003234272706662
Task027_ACDC,patient003_frame15,3.816030356829092e-05
Task027_ACDC,patient004_frame01,0.0010168828618533
Task027_ACDC,patient004_frame15,0.0007760948583155
Task027_ACDC,patient005_frame01,0.0003497191115909
Task027_ACDC,patient005_frame13,-0.0041687724908329
Task027_ACDC,patient006_frame01,-0.0085064383167758
Task027_ACDC,patient006_frame16,-0.0102974601267792
Task027_ACDC,patient007_frame01,0.0008510327021012
Task027_ACDC,patient007_frame07,-0.0049623039472276
Task027_ACDC,patient008_frame01,-8.790094781530033e-05
Task027_ACDC,patient008_frame13,-2.339788710448154e-05
Task027_ACDC,patient009_frame01,-0.0012858365992727
Task027_ACDC,patient009_frame13,0.0100058315624728
Task027_ACDC,patient010_frame01,-0.000276982657973
Task027_ACDC,patient010_frame13,-0.0014244031261174
Task027_ACDC,patient011_frame01,-5.338941570309785e-05
Task027_ACDC,patient011_frame08,-0.0006809241684894
Task027_ACDC,patient012_frame01,-0.0005259169799713
Task027_ACDC,patient012_frame13,0.0092243627387696
Task027_ACDC,patient013_frame01,0.0001152196706305
Task027_ACDC,patient013_frame14,0.0004384373094963
Task027_ACDC,patient014_frame01,0.0055526613863832
Task027_ACDC,patient014_frame13,0.0027201597992889
Task027_ACDC,patient015_frame01,-8.51829424819428e-05
Task027_ACDC,patient015_frame10,0.0012255682253637
Task027_ACDC,patient016_frame01,0.0024728130488748
Task027_ACDC,patient016_frame12,-0.0139779007228875
Task027_ACDC,patient017_frame01,0.0003832452295462
Task027_ACDC,patient017_frame09,1.0759083740596864e-06
Task027_ACDC,patient018_frame01,-0.000540029393367
Task027_ACDC,patient018_frame10,-0.0012769739758349
Task027_ACDC,patient019_frame01,0.0018389633508294
Task027_ACDC,patient019_frame11,0.0206662991113829
Task027_ACDC,patient020_frame01,0.0005868410015343
Task027_ACDC,patient020_frame11,0.0008467565942688
Task027_ACDC,patient021_frame01,8.176607661736224e-05
Task027_ACDC,patient021_frame13,-0.0028304863701061
Task027_ACDC,patient022_frame01,0.001387534326368
Task027_ACDC,patient022_frame11,-0.0010535684011583
Task027_ACDC,patient023_frame01,-0.0005507160775393
Task027_ACDC,patient023_frame09,0.0015841225000007
Task027_ACDC,patient024_frame01,0.0003784936268436
Task027_ACDC,patient024_frame09,-0.0010393198871995
Task027_ACDC,patient025_frame01,0.0020391445658606
Task027_ACDC,patient025_frame09,-0.0114706303208237
Task027_ACDC,patient026_frame01,0.000280609058289
Task027_ACDC,patient026_frame12,-0.000661037719102
Task027_ACDC,patient027_frame01,0.0014181259146806
Task027_ACDC,patient027_frame11,0.0021631808951707
Task027_ACDC,patient028_frame01,-0.0005155745276141
Task027_ACDC,patient028_frame09,-0.0001779756071242
Task027_ACDC,patient029_frame01,0.0007743172118004
Task027_ACDC,patient029_frame12,0.0035722833204752
Task027_ACDC,patient030_frame01,-0.0004229036189378
Task027_ACDC,patient030_frame12,-0.0168733741949669
Task027_ACDC,patient031_frame01,-3.3434824476819e-05
Task027_ACDC,patient031_frame10,-0.0004764760652993
Task027_ACDC,patient032_frame01,-8.200136567104721e-05
Task027_ACDC,patient032_frame12,-0.0011080809319228
Task027_ACDC,patient033_frame01,-0.0005463497496229
Task027_ACDC,patient033_frame14,-0.0005695662581359
Task027_ACDC,patient034_frame01,-0.0018217309994741
Task027_ACDC,patient034_frame16,0.0004258037448258
Task027_ACDC,patient035_frame01,8.342032128405563e-07
Task027_ACDC,patient035_frame11,-0.0074979500526134
Task027_ACDC,patient036_frame01,-0.0003737305182216
Task027_ACDC,patient036_frame12,0.0004194540545955
Task027_ACDC,patient037_frame01,-0.0044757851931068
Task027_ACDC,patient037_frame12,0.0074250645188271
Task027_ACDC,patient038_frame01,0.0003535481894413
Task027_ACDC,patient038_frame11,0.031503329365926
Task027_ACDC,patient039_frame01,0.0001081978331569
Task027_ACDC,patient039_frame10,0.0005912832517779
Task027_ACDC,patient040_frame01,0.0009334724220162
Task027_ACDC,patient040_frame13,0.0013024277506382
Task027_ACDC,patient041_frame01,-0.002094746829696
Task027_ACDC,patient041_frame11,-0.0006788666849253
Task027_ACDC,patient042_frame01,0.0004085814769957
Task027_ACDC,patient042_frame16,-0.0061721735880215
Task027_ACDC,patient043_frame01,0.0013074597853344
Task027_ACDC,patient043_frame07,0.0002146155637768
Task027_ACDC,patient044_frame01,-0.0002708574397647
Task027_ACDC,patient044_frame11,0.0013547278339484
Task027_ACDC,patient045_frame01,-0.0117313200198289
Task027_ACDC,patient045_frame13,0.0006677461733028
Task027_ACDC,patient046_frame01,3.546341591398328e-05
Task027_ACDC,patient046_frame10,0.0056948804430022
Task027_ACDC,patient047_frame01,-0.0013120846865121
Task027_ACDC,patient047_frame09,-0.0003411572178867
Task027_ACDC,patient048_frame01,0.0003305732758343
Task027_ACDC,patient048_frame08,-0.0018728666768397
Task027_ACDC,patient049_frame01,-0.0056820730556229
Task027_ACDC,patient049_frame11,-0.1101278475184157
Task027_ACDC,patient050_frame01,-0.0012132385203453
Task027_ACDC,patient050_frame12,-0.0133312333014377
Task027_ACDC,patient051_frame01,-0.0017887844115527
Task027_ACDC,patient051_frame11,-0.0070430042746594
Task027_ACDC,patient052_frame01,-0.0003414893711587
Task027_ACDC,patient052_frame09,0.0008656662628467
Task027_ACDC,patient053_frame01,-0.0004854498614544
Task027_ACDC,patient053_frame12,0.0008634032849841
Task027_ACDC,patient054_frame01,-0.0042855364927899
Task027_ACDC,patient054_frame12,-0.0170387300030837
Task027_ACDC,patient055_frame01,-0.000530691391408
Task027_ACDC,patient055_frame10,-0.0006629604811823
Task027_ACDC,patient056_frame01,-0.0007856938829572
Task027_ACDC,patient056_frame12,-0.000926239005111
Task027_ACDC,patient057_frame01,-3.8382585603402575e-05
Task027_ACDC,patient057_frame09,-0.0011300692732286
Task027_ACDC,patient058_frame01,0.0008092072663852
Task027_ACDC,patient058_frame14,-0.0002420396096737
Task027_ACDC,patient059_frame01,0.00013546892402
Task027_ACDC,patient059_frame09,-2.7517035401158907e-05
Task027_ACDC,patient060_frame01,-0.0291365924898661
Task027_ACDC,patient060_frame14,-0.0288067022752649
Task027_ACDC,patient061_frame01,0.0001271245164337
Task027_ACDC,patient061_frame10,0.0002992234074644
Task027_ACDC,patient062_frame01,0.0004001480330473
Task027_ACDC,patient062_frame09,-0.0094082580565177
Task027_ACDC,patient063_frame01,0.0001240997110416
Task027_ACDC,patient063_frame16,0.002493916247227
Task027_ACDC,patient064_frame01,0.0001464160976064
Task027_ACDC,patient064_frame12,0.0002532262948364
Task027_ACDC,patient065_frame01,0.0006520611830502
Task027_ACDC,patient065_frame14,0.0004249327574336
Task027_ACDC,patient066_frame01,0.0012439002219949
Task027_ACDC,patient066_frame11,0.0005084793954512
Task027_ACDC,patient067_frame01,0.0006446173685795
Task027_ACDC,patient067_frame10,0.0001361309928906
Task027_ACDC,patient068_frame01,-7.168222297826432e-05
Task027_ACDC,patient068_frame12,0.0003146180197878
Task027_ACDC,patient069_frame01,-0.0009734371178968
Task027_ACDC,patient069_frame12,0.0009330992376603
Task027_ACDC,patient070_frame01,9.345562674145658e-05
Task027_ACDC,patient070_frame10,-0.000714645906382
Task027_ACDC,patient071_frame01,0.0020380173474072
Task027_ACDC,patient071_frame09,-9.430555859268884e-05
Task027_ACDC,patient072_frame01,0.0003135558505986
Task027_ACDC,patient072_frame11,0.0002545951097187
Task027_ACDC,patient073_frame01,0.0005827008055228
Task027_ACDC,patient073_frame10,2.1922237588567484e-06
Task027_ACDC,patient074_frame01,0.0001362883946861
Task027_ACDC,patient074_frame12,3.7340717436884496e-05
Task027_ACDC,patient075_frame01,-0.0002165865409996
Task027_ACDC,patient075_frame06,0.0003905102904565
Task027_ACDC,patient076_frame01,7.156641585881474e-05
Task027_ACDC,patient076_frame12,0.0001010153274656
Task027_ACDC,patient077_frame01,0.0027024646763913
Task027_ACDC,patient077_frame09,-0.0118923927186784
Task027_ACDC,patient078_frame01,0.0002270198811387
Task027_ACDC,patient078_frame09,0.0001352381503453
Task027_ACDC,patient079_frame01,0.000570688433732
Task027_ACDC,patient079_frame11,8.710927634159038e-05
Task027_ACDC,patient080_frame01,0.001610843417438
Task027_ACDC,patient080_frame10,-0.0003628277783378
Task027_ACDC,patient081_frame01,0.004149008688959
Task027_ACDC,patient081_frame07,0.0006942759782054
Task027_ACDC,patient082_frame01,0.0003708818843624
Task027_ACDC,patient082_frame07,4.100866771861167e-05
Task027_ACDC,patient083_frame01,4.048072539608594e-05
Task027_ACDC,patient083_frame08,0.002936336725984
Task027_ACDC,patient084_frame01,0.0172540193367277
Task027_ACDC,patient084_frame10,0.0182631832463403
Task027_ACDC,patient085_frame01,0.000697046855947
Task027_ACDC,patient085_frame09,0.0009711089243275
Task027_ACDC,patient086_frame01,-0.0023804622979307
Task027_ACDC,patient086_frame08,-0.0003237143054182
Task027_ACDC,patient087_frame01,0.000575440563148
Task027_ACDC,patient087_frame10,0.000420145703084
Task027_ACDC,patient088_frame01,0.0011494061123956
Task027_ACDC,patient088_frame12,-0.0072252319557709
Task027_ACDC,patient089_frame01,-0.001956489481399
Task027_ACDC,patient089_frame10,-0.0005720226484438
Task027_ACDC,patient090_frame04,0.0003934936122838
Task027_ACDC,patient090_frame11,0.0465974948810082
Task027_ACDC,patient091_frame01,-0.0016270836774584
Task027_ACDC,patient091_frame09,0.0010585773932029
Task027_ACDC,patient092_frame01,-0.0010232126159208
Task027_ACDC,patient092_frame06,0.0013555480824144
Task027_ACDC,patient093_frame01,-0.0025940239838943
Task027_ACDC,patient093_frame14,-0.0011270928973646
Task027_ACDC,patient094_frame01,-0.0002003833960897
Task027_ACDC,patient094_frame07,0.0227979828259251
Task027_ACDC,patient095_frame01,-5.9014534651402606e-05
Task027_ACDC,patient095_frame12,-0.0003352196331776
Task027_ACDC,patient096_frame01,0.0014226031444458
Task027_ACDC,patient096_frame08,0.0010611559256202
Task027_ACDC,patient097_frame01,-0.0013294971530027
Task027_ACDC,patient097_frame11,-0.0015698985348525
Task027_ACDC,patient098_frame01,-0.000642993266487
Task027_ACDC,patient098_frame09,-0.0091314785204319
Task027_ACDC,patient099_frame01,-0.0001395060833669
Task027_ACDC,patient099_frame09,-0.0118076061772864
Task027_ACDC,patient100_frame01,0.0036842208537661
Task027_ACDC,patient100_frame13,0.0010110286028303
Task038_CHAOS,T1_in_1,-0.0037047870633554
Task038_CHAOS,T1_in_10,0.000359739852995
Task038_CHAOS,T1_in_13,-0.0002421898584721
Task038_CHAOS,T1_in_15,0.0192724577167686
Task038_CHAOS,T1_in_19,0.0012173042039947
Task038_CHAOS,T1_in_2,-0.0019331818151553
Task038_CHAOS,T1_in_20,0.0011419026735532
Task038_CHAOS,T1_in_21,-0.0016265477725557
Task038_CHAOS,T1_in_22,-0.0010482972074681
Task038_CHAOS,T1_in_3,0.0006854429092867
Task038_CHAOS,T1_in_31,-0.0003218904342848
Task038_CHAOS,T1_in_32,0.0004354087379058
Task038_CHAOS,T1_in_33,0.0168681323608906
Task038_CHAOS,T1_in_34,-0.0006627127758668
Task038_CHAOS,T1_in_36,0.0553446836490113
Task038_CHAOS,T1_in_37,0.0015407654884964
Task038_CHAOS,T1_in_38,-0.0012236107523335
Task038_CHAOS,T1_in_39,2.4894355765359144e-05
Task038_CHAOS,T1_in_5,0.0011801226621146
Task038_CHAOS,T1_in_8,0.0008848233890251
Task038_CHAOS,T1_out_1,-0.0285270726094006
Task038_CHAOS,T1_out_10,0.0032859770211984
Task038_CHAOS,T1_out_13,0.0001799522345106
Task038_CHAOS,T1_out_15,0.0005719409775964
Task038_CHAOS,T1_out_19,0.0015502001914728
Task038_CHAOS,T1_out_2,0.0004372176410574
Task038_CHAOS,T1_out_20,0.0005476806594409
Task038_CHAOS,T1_out_21,-0.0023517433558151
Task038_CHAOS,T1_out_22,-0.0049540863032352
Task038_CHAOS,T1_out_3,0.0028514897586768
Task038_CHAOS,T1_out_31,0.0006479274802001
Task038_CHAOS,T1_out_32,8.01954231373081e-05
Task038_CHAOS,T1_out_33,0.0049051252423186
Task038_CHAOS,T1_out_34,-0.0005038571735884
Task038_CHAOS,T1_out_36,0.020777131565718
Task038_CHAOS,T1_out_37,0.0004852679630705
Task038_CHAOS,T1_out_38,-0.0024539148440446
Task038_CHAOS,T1_out_39,-7.958751373249306e-05
Task038_CHAOS,T1_out_5,0.0051051477902178
Task038_CHAOS,T1_out_8,0.0007416153015464
Task038_CHAOS,T2_1,-0.0037460668759103
Task038_CHAOS,T2_10,-0.0009837929965996
Task038_CHAOS,T2_13,-0.0073345432652379
Task038_CHAOS,T2_15,0.0026875141582253
Task038_CHAOS,T2_19,0.0012870369163593
Task038_CHAOS,T2_2,0.0013897028558603
Task038_CHAOS,T2_20,0.0001537627437886
Task038_CHAOS,T2_21,-0.0005586951427418
Task038_CHAOS,T2_22,-0.0002753664256796
Task038_CHAOS,T2_3,0.0115840121940881
Task038_CHAOS,T2_31,-0.0029625642357719
Task038_CHAOS,T2_32,0.0001749335206755
Task038_CHAOS,T2_33,0.0121559038457181
Task038_CHAOS,T2_34,-0.0020762425547833
Task038_CHAOS,T2_36,-0.0079723858447842
Task038_CHAOS,T2_37,5.2178852815720767e-05
Task038_CHAOS,T2_38,-0.0009543504333219
Task038_CHAOS,T2_39,0.0012056801732067
Task038_CHAOS,T2_5,-0.0008325295165031
Task038_CHAOS,T2_8,0.0111225045415647
Task055_SegTHOR,Patient_01,0.0005239011951252
Task055_SegTHOR,Patient_02,4.653427609790928e-05
Task055_SegTHOR,Patient_03,0.0005033072651247
Task055_SegTHOR,Patient_04,-0.000115652500544
Task055_SegTHOR,Patient_05,0.0020148101994352
Task055_SegTHOR,Patient_06,-0.0001025968359537
Task055_SegTHOR,Patient_07,0.000801374993496
Task055_SegTHOR,Patient_08,-0.0004756394989401
Task055_SegTHOR,Patient_09,8.077004450746106e-05
Task055_SegTHOR,Patient_10,4.613291725075186e-05
Task055_SegTHOR,Patient_11,0.0005940395743959
Task055_SegTHOR,Patient_12,-0.0001463496891217
Task055_SegTHOR,Patient_13,0.0008184535366446
Task055_SegTHOR,Patient_14,0.0005998927717038
Task055_SegTHOR,Patient_15,0.0012962752893068
Task055_SegTHOR,Patient_16,7.346422680576392e-05
Task055_SegTHOR,Patient_17,0.0002797236568536
Task055_SegTHOR,Patient_18,0.0002438714309165
Task055_SegTHOR,Patient_19,-2.146864553465022e-06
Task055_SegTHOR,Patient_20,-0.0062130668855354
Task055_SegTHOR,Patient_21,-3.149955710401997e-05
Task055_SegTHOR,Patient_22,1.0866458122760214e-05
Task055_SegTHOR,Patient_23,4.077522822509838e-05
Task055_SegTHOR,Patient_24,-0.0001306013641634
Task055_SegTHOR,Patient_25,0.0007721009042381
Task055_SegTHOR,Patient_26,-0.0001210485027346
Task055_SegTHOR,Patient_27,-0.0002993535912843
Task055_SegTHOR,Patient_28,-0.0003133918294793
Task055_SegTHOR,Patient_29,-5.16257393812225e-06
Task055_SegTHOR,Patient_30,0.0004505502887406
Task055_SegTHOR,Patient_31,8.130486324176012e-05
Task055_SegTHOR,Patient_32,-0.0003352731279171
Task055_SegTHOR,Patient_33,-0.000239608730731
Task055_SegTHOR,Patient_34,0.0010204229025455
Task055_SegTHOR,Patient_35,-0.0009371518321076
Task055_SegTHOR,Patient_36,-0.0004497682490786
Task055_SegTHOR,Patient_37,-0.0002888441611329
Task055_SegTHOR,Patient_38,0.0003784353889444
Task055_SegTHOR,Patient_39,-0.0010206202691233
Task055_SegTHOR,Patient_40,-0.0002002582862493
Task075_Fluo_C3DH_A549,Fluo-C3DH-A549-SIM__01__t000,3.086984388855907e-05
Task075_Fluo_C3DH_A549,Fluo-C3DH-A549-SIM__01__t001,1.1391134918103951e-05
Task075_Fluo_C3DH_A549,Fluo-C3DH-A549-SIM__01__t002,1.0772666216296578e-05
Task075_Fluo_C3DH_A549,Fluo-C3DH-A549-SIM__01__t003,-2.834416623254121e-05
Task075_Fluo_C3DH_A549,Fluo-C3DH-A549-SIM__01__t004,1.1768428672676023e-06
Task075_Fluo_C3DH_A549,Fluo-C3DH-A549-SIM__01__t005,2.141151833989774e-05
Task075_Fluo_C3DH_A549,Fluo-C3DH-A549-SIM__01__t006,-7.829129191616602e-06
Task075_Fluo_C3DH_A549,Fluo-C3DH-A549-SIM__01__t007,4.443529172837302e-06
Task075_Fluo_C3DH_A549,Fluo-C3DH-A549-SIM__01__t008,1.1792924895615007e-05
Task075_Fluo_C3DH_A549,Fluo-C3DH-A549-SIM__01__t009,-1.9032359402260116e-05
Task075_Fluo_C3DH_A549,Fluo-C3DH-A549-SIM__01__t010,-7.163946438737412e-06
Task075_Fluo_C3DH_A549,Fluo-C3DH-A549-SIM__01__t011,-5.838269697644449e-05
Task075_Fluo_C3DH_A549,Fluo-C3DH-A549-SIM__01__t012,-3.031269634501399e-05
Task075_Fluo_C3DH_A549,Fluo-C3DH-A549-SIM__01__t013,-7.537548298741647e-06
Task075_Fluo_C3DH_A549,Fluo-C3DH-A549-SIM__01__t014,-5.0350313185565376e-05
Task075_Fluo_C3DH_A549,Fluo-C3DH-A549-SIM__01__t015,2.14312728508137e-06
Task075_Fluo_C3DH_A549,Fluo-C3DH-A549-SIM__01__t016,-5.963280870480148e-05
Task075_Fluo_C3DH_A549,Fluo-C3DH-A549-SIM__01__t017,-7.206006819959754e-05
Task075_Fluo_C3DH_A549,Fluo-C3DH-A549-SIM__01__t018,-6.182432936596705e-05
Task075_Fluo_C3DH_A549,Fluo-C3DH-A549-SIM__01__t019,-6.316288974728135e-05
Task075_Fluo_C3DH_A549,Fluo-C3DH-A549-SIM__01__t020,2.2520906384215778e-06
Task075_Fluo_C3DH_A549,Fluo-C3DH-A549-SIM__01__t021,1.5638089227998364e-06
Task075_Fluo_C3DH_A549,Fluo-C3DH-A549-SIM__01__t022,-5.066804100717359e-05
Task075_Fluo_C3DH_A549,Fluo-C3DH-A549-SIM__01__t023,-1.0598595380328923e-05
Task075_Fluo_C3DH_A549,Fluo-C3DH-A549-SIM__01__t024,-2.0406978578191293e-05
Task075_Fluo_C3DH_A549,Fluo-C3DH-A549-SIM__01__t025,3.457526362937724e-05
Task075_Fluo_C3DH_A549,Fluo-C3DH-A549-SIM__01__t026,1.4405363710112695e-05
Task075_Fluo_C3DH_A549,Fluo-C3DH-A549-SIM__01__t027,-5.3698833482940245e-05
Task075_Fluo_C3DH_A549,Fluo-C3DH-A549-SIM__01__t028,-4.0271359821209e-05
Task075_Fluo_C3DH_A549,Fluo-C3DH-A549-SIM__01__t029,-1.9639192436748942e-05
Task075_Fluo_C3DH_A549,Fluo-C3DH-A549-SIM__02__t000,3.3373902898592434e-05
Task075_Fluo_C3DH_A549,Fluo-C3DH-A549-SIM__02__t001,8.664287454973607e-05
Task075_Fluo_C3DH_A549,Fluo-C3DH-A549-SIM__02__t002,0.0001708512610293
Task075_Fluo_C3DH_A549,Fluo-C3DH-A549-SIM__02__t003,0.0001352252094778
Task075_Fluo_C3DH_A549,Fluo-C3DH-A549-SIM__02__t004,0.0002254782187801
Task075_Fluo_C3DH_A549,Fluo-C3DH-A549-SIM__02__t005,0.0001525289316797
Task075_Fluo_C3DH_A549,Fluo-C3DH-A549-SIM__02__t006,0.0001974237803097
Task075_Fluo_C3DH_A549,Fluo-C3DH-A549-SIM__02__t007,0.0001894105416748
Task075_Fluo_C3DH_A549,Fluo-C3DH-A549-SIM__02__t008,0.0001982918345607
Task075_Fluo_C3DH_A549,Fluo-C3DH-A549-SIM__02__t009,0.0002266681979072
Task075_Fluo_C3DH_A549,Fluo-C3DH-A549-SIM__02__t010,0.0001866120368674
Task075_Fluo_C3DH_A549,Fluo-C3DH-A549-SIM__02__t011,0.0001236722046034
Task075_Fluo_C3DH_A549,Fluo-C3DH-A549-SIM__02__t012,0.0006134626396107
Task075_Fluo_C3DH_A549,Fluo-C3DH-A549-SIM__02__t013,0.0004168143833283
Task075_Fluo_C3DH_A549,Fluo-C3DH-A549-SIM__02__t014,0.0003827258350503
Task075_Fluo_C3DH_A549,Fluo-C3DH-A549-SIM__02__t015,0.0005000521242708
Task075_Fluo_C3DH_A549,Fluo-C3DH-A549-SIM__02__t016,0.0006383822234727
Task075_Fluo_C3DH_A549,Fluo-C3DH-A549-SIM__02__t017,0.0005101797028939
Task075_Fluo_C3DH_A549,Fluo-C3DH-A549-SIM__02__t018,0.0004264061589345
Task075_Fluo_C3DH_A549,Fluo-C3DH-A549-SIM__02__t019,0.0007270719114128
Task075_Fluo_C3DH_A549,Fluo-C3DH-A549-SIM__02__t020,0.0008529961634115
Task075_Fluo_C3DH_A549,Fluo-C3DH-A549-SIM__02__t021,0.0006702997006625
Task075_Fluo_C3DH_A549,Fluo-C3DH-A549-SIM__02__t022,0.0004182598945698
Task075_Fluo_C3DH_A549,Fluo-C3DH-A549-SIM__02__t023,0.0005153037237006
Task075_Fluo_C3DH_A549,Fluo-C3DH-A549-SIM__02__t024,0.0004599563147812
Task075_Fluo_C3DH_A549,Fluo-C3DH-A549-SIM__02__t025,0.0005077695315297
Task075_Fluo_C3DH_A549,Fluo-C3DH-A549-SIM__02__t026,0.0006353654407023
Task075_Fluo_C3DH_A549,Fluo-C3DH-A549-SIM__02__t027,0.0004901291145581
Task075_Fluo_C3DH_A549,Fluo-C3DH-A549-SIM__02__t028,0.0004021417924284
Task075_Fluo_C3DH_A549,Fluo-C3DH-A549-SIM__02__t029,0.0004950447522241
Task075_Fluo_C3DH_A549,Fluo-C3DH-A549__01__t000,1.6369752470102306e-05
Task075_Fluo_C3DH_A549,Fluo-C3DH-A549__01__t002,-9.73262884260695e-05
Task075_Fluo_C3DH_A549,Fluo-C3DH-A549__01__t006,-0.0001105564929948
Task075_Fluo_C3DH_A549,Fluo-C3DH-A549__01__t008,3.677961199044511e-05
Task075_Fluo_C3DH_A549,Fluo-C3DH-A549__01__t012,-4.947304792801699e-05
Task075_Fluo_C3DH_A549,Fluo-C3DH-A549__01__t013,7.402048836202546e-05
Task075_Fluo_C3DH_A549,Fluo-C3DH-A549__01__t014,-8.62103612029319e-05
Task075_Fluo_C3DH_A549,Fluo-C3DH-A549__01__t015,5.101489084058386e-05
Task075_Fluo_C3DH_A549,Fluo-C3DH-A549__01__t019,-3.865640417610727e-05
Task075_Fluo_C3DH_A549,Fluo-C3DH-A549__01__t022,-4.756303277719809e-05
Task075_Fluo_C3DH_A549,Fluo-C3DH-A549__01__t025,0.0002542703226431
Task075_Fluo_C3DH_A549,Fluo-C3DH-A549__01__t026,4.354060621669653e-05
Task075_Fluo_C3DH_A549,Fluo-C3DH-A549__01__t027,0.0001803897880722
Task075_Fluo_C3DH_A549,Fluo-C3DH-A549__01__t028,0.0002080607930748
Task075_Fluo_C3DH_A549,Fluo-C3DH-A549__01__t029,0.000229250758145
Task075_Fluo_C3DH_A549,Fluo-C3DH-A549__02__t001,0.000222740348062
Task075_Fluo_C3DH_A549,Fluo-C3DH-A549__02__t006,-0.0003489619150349
Task075_Fluo_C3DH_A549,Fluo-C3DH-A549__02__t008,-2.3174187088303988e-05
Task075_Fluo_C3DH_A549,Fluo-C3DH-A549__02__t009,0.0001776716150651
Task075_Fluo_C3DH_A549,Fluo-C3DH-A549__02__t011,-0.0001365388110405
Task075_Fluo_C3DH_A549,Fluo-C3DH-A549__02__t012,-0.0002916063635816
Task075_Fluo_C3DH_A549,Fluo-C3DH-A549__02__t013,-0.0001728955039065
Task075_Fluo_C3DH_A549,Fluo-C3DH-A549__02__t014,-0.0002401478926086
Task075_Fluo_C3DH_A549,Fluo-C3DH-A549__02__t015,-4.659363975467734e-05
Task075_Fluo_C3DH_A549,Fluo-C3DH-A549__02__t019,-2.6006423212820984e-05
Task075_Fluo_C3DH_A549,Fluo-C3DH-A549__02__t020,-0.0001465412913497
Task075_Fluo_C3DH_A549,Fluo-C3DH-A549__02__t021,-0.0001233667798521
Task075_Fluo_C3DH_A549,Fluo-C3DH-A549__02__t023,0.000116422175754
Task075_Fluo_C3DH_A549,Fluo-C3DH-A549__02__t024,-7.934626161065772e-05
Task075_Fluo_C3DH_A549,Fluo-C3DH-A549__02__t025,5.49509737006737e-05
CHAOS_CT_TotalSegmentator_v2,CHAOSCT_001,5.718266125975813e-05
CHAOS_CT_TotalSegmentator_v2,CHAOSCT_002,7.290253293967819e-05
CHAOS_CT_TotalSegmentator_v2,CHAOSCT_005,1.303827809717717e-05
CHAOS_CT_TotalSegmentator_v2,CHAOSCT_006,1.8537922376160587e-05
CHAOS_CT_TotalSegmentator_v2,CHAOSCT_008,-0.0002104058878376
CHAOS_CT_TotalSegmentator_v2,CHAOSCT_010,-4.789278574390821e-06
CHAOS_CT_TotalSegmentator_v2,CHAOSCT_014,-4.993214426374237e-05
CHAOS_CT_TotalSegmentator_v2,CHAOSCT_016,1.812859292860125e-05
CHAOS_CT_TotalSegmentator_v2,CHAOSCT_018,-6.541190533337904e-06
CHAOS_CT_TotalSegmentator_v2,CHAOSCT_019,-8.558889022003413e-05
CHAOS_CT_TotalSegmentator_v2,CHAOSCT_021,2.4880247433523017e-05
CHAOS_CT_TotalSegmentator_v2,CHAOSCT_022,2.907559222786737e-05
CHAOS_CT_TotalSegmentator_v2,CHAOSCT_023,9.651301749269424e-05
CHAOS_CT_TotalSegmentator_v2,CHAOSCT_024,0.0001148638642447
CHAOS_CT_TotalSegmentator_v2,CHAOSCT_025,0.0004080874736555
CHAOS_CT_TotalSegmentator_v2,CHAOSCT_026,2.762439713843712e-05
CHAOS_CT_TotalSegmentator_v2,CHAOSCT_027,7.489825342477108e-05
CHAOS_CT_TotalSegmentator_v2,CHAOSCT_028,4.4798220676711686e-05
CHAOS_CT_TotalSegmentator_v2,CHAOSCT_029,0.000388091712045
CHAOS_CT_TotalSegmentator_v2,CHAOSCT_030,5.194712180645045e-05
